player_id,ace_rate_on_1st_serve,aces_allowed_rate_on_opp_1st_serve,n_player_matches,high_ace_server,low_ace_server,ace_vulnerable_returner
100644,0.15965736720004758,0.09307715767002135,649,TRUE,FALSE,FALSE
101404,0.10091743119266056,0.21348314606741572,3,FALSE,FALSE,TRUE
101962,0.22535211267605634,0.06896551724137931,2,TRUE,FALSE,FALSE
102093,0.32558139534883723,0.12837837837837837,3,TRUE,FALSE,FALSE
102148,0,0.11320754716981132,1,FALSE,TRUE,FALSE
102382,0.15384615384615385,0.4666666666666667,1,TRUE,FALSE,TRUE
102434,0.16666666666666666,0.11764705882352941,1,TRUE,FALSE,FALSE
102783,0.06180733162830349,0.13069216757741348,48,FALSE,FALSE,FALSE
102839,0.04113924050632911,0.1861198738170347,8,FALSE,TRUE,TRUE
102845,0.08278145695364239,0.08383233532934131,8,FALSE,FALSE,FALSE
102886,0.057692307692307696,0.3333333333333333,2,FALSE,TRUE,TRUE
102887,0.1092896174863388,0.1390728476821192,3,FALSE,FALSE,FALSE
102905,0.08225108225108226,0.12334801762114538,9,FALSE,FALSE,FALSE
102967,0.11685214626391097,0.18994413407821228,29,FALSE,FALSE,TRUE
102999,0.02586206896551724,0.11403508771929824,2,FALSE,TRUE,FALSE
103017,0.27439024390243905,0.16326530612244897,4,TRUE,FALSE,TRUE
103035,0.07526881720430108,0.0963855421686747,2,FALSE,FALSE,FALSE
103096,0.10818307905686546,0.17289719626168223,61,FALSE,FALSE,TRUE
103103,0,0.28,1,FALSE,TRUE,TRUE
103105,0.06297117516629712,0.1416930737890448,51,FALSE,FALSE,FALSE
103163,0.12365930599369085,0.16109835038630194,201,FALSE,FALSE,FALSE
103165,0,0.4375,1,FALSE,TRUE,TRUE
103169,0.06737120211360634,0.12091503267973856,16,FALSE,FALSE,FALSE
103174,0.09090909090909091,0.2328767123287671,2,FALSE,FALSE,TRUE
103188,0.055299539170506916,0.15261802575107297,126,FALSE,TRUE,FALSE
103206,0.07692307692307693,0.07239819004524888,4,FALSE,FALSE,FALSE
103228,0.09785932721712538,0.12561174551386622,15,FALSE,FALSE,FALSE
103240,0.11023622047244094,0.1678832116788321,4,FALSE,FALSE,TRUE
103248,0.1568627450980392,0.1271186440677966,3,TRUE,FALSE,FALSE
103252,0.029925187032418952,0.06349206349206349,9,FALSE,TRUE,FALSE
103285,0.09953245819097285,0.14594205506568292,237,FALSE,FALSE,FALSE
103292,0.04411764705882353,0.13114754098360656,1,FALSE,TRUE,FALSE
103294,0.046992481203007516,0.2648752399232246,10,FALSE,TRUE,TRUE
103333,0.3642480450991089,0.12726855042499427,399,TRUE,FALSE,FALSE
103344,0.2391448093453824,0.13062283737024222,98,TRUE,FALSE,FALSE
103393,0.05357142857142857,0.12839506172839507,7,FALSE,TRUE,FALSE
103395,0.13333333333333333,0.26,1,FALSE,FALSE,TRUE
103401,0.07702182284980745,0.11937244201909959,26,FALSE,FALSE,FALSE
103427,0.04,0.037037037037037035,1,FALSE,TRUE,FALSE
103428,0.036540016168148746,0.08822531387852053,121,FALSE,TRUE,FALSE
103429,0.11123287671232877,0.19452207937395194,38,FALSE,FALSE,TRUE
103444,0.05952380952380952,0.09392265193370165,4,FALSE,FALSE,FALSE
103451,0.092469761997659,0.12669683257918551,65,FALSE,FALSE,FALSE
103454,0.05170239596469105,0.09746328437917223,13,FALSE,TRUE,FALSE
103470,0.16532721010332951,0.18306636155606407,18,TRUE,FALSE,TRUE
103472,0,0.10526315789473684,1,FALSE,TRUE,FALSE
103484,0.11691884456671252,0.16705653021442496,111,FALSE,FALSE,TRUE
103490,0.09075342465753425,0.09104938271604938,14,FALSE,FALSE,FALSE
103506,0.02403846153846154,0.0967741935483871,4,FALSE,TRUE,FALSE
103507,0.04990484246140833,0.13807152557718425,94,FALSE,TRUE,FALSE
103523,0.23414634146341465,0.1926605504587156,5,TRUE,FALSE,TRUE
103534,0.07096774193548387,0.06077348066298342,4,FALSE,FALSE,FALSE
103535,0.10344827586206896,0.20430107526881722,2,FALSE,FALSE,TRUE
103543,0.09036144578313253,0.1386861313868613,3,FALSE,FALSE,FALSE
103565,0.09216687952320136,0.14071012586887094,110,FALSE,FALSE,FALSE
103566,0.17302910633318708,0.12810763381105586,149,TRUE,FALSE,FALSE
103573,0.08122362869198312,0.0929936305732484,16,FALSE,FALSE,FALSE
103580,0.034722222222222224,0.030534351145038167,2,FALSE,TRUE,FALSE
103582,0.10979228486646884,0.13305523590333718,146,FALSE,FALSE,FALSE
103598,0.15702254822059222,0.13869992441421014,169,TRUE,FALSE,FALSE
103600,0,0.8333333333333334,1,FALSE,TRUE,TRUE
103602,0.14638157894736842,0.13257965056526208,36,TRUE,FALSE,FALSE
103607,0.07148120854826824,0.15920808414106002,110,FALSE,FALSE,FALSE
103656,0.07334963325183375,0.129614926558158,230,FALSE,FALSE,FALSE
103657,0.014492753623188406,0.05263157894736842,2,FALSE,TRUE,FALSE
103672,0.04523912106850495,0.15112107623318385,47,FALSE,TRUE,FALSE
103675,0.010084033613445379,0.0855397148676171,15,FALSE,TRUE,FALSE
103676,0.09562398703403566,0.11853088480801335,12,FALSE,FALSE,FALSE
103682,0.04878048780487805,0.02564102564102564,1,FALSE,TRUE,FALSE
103693,0.03597122302158273,0.16030534351145037,3,FALSE,TRUE,FALSE
103694,0.03380746237889095,0.243375026499894,101,FALSE,TRUE,TRUE
103708,0.044,0.22344322344322345,7,FALSE,TRUE,TRUE
103714,0.11151079136690648,0.22357723577235772,5,FALSE,FALSE,TRUE
103720,0.12712314225053079,0.17328345601544587,163,FALSE,FALSE,TRUE
103722,0.08513278729213204,0.18805657412257726,80,FALSE,FALSE,TRUE
103735,0.14285714285714285,0.21568627450980393,3,TRUE,FALSE,TRUE
103747,0.23357664233576642,0.18181818181818182,3,TRUE,FALSE,TRUE
103752,0.06892778993435449,0.11876750700280111,43,FALSE,FALSE,FALSE
103758,0.17419354838709677,0.12195121951219512,31,TRUE,FALSE,FALSE
103781,0.09859367911689097,0.14103450926139421,267,FALSE,FALSE,FALSE
103782,0.08,0.28125,1,FALSE,FALSE,TRUE
103786,0.052740824606094916,0.11178279775161735,210,FALSE,TRUE,FALSE
103794,0.15746283066229003,0.1761768241931009,238,TRUE,FALSE,TRUE
103799,0.07505070993914807,0.14736842105263157,10,FALSE,FALSE,FALSE
103808,0.051278262154573664,0.10056858564321251,127,FALSE,TRUE,FALSE
103812,0.07986791868744196,0.11053706596179262,177,FALSE,FALSE,FALSE
103813,0.06265108783239323,0.14409265247800257,284,FALSE,FALSE,FALSE
103819,0.16712971537939125,0.10593393744519146,685,TRUE,FALSE,FALSE
103821,0.04710144927536232,0.12048192771084337,5,FALSE,TRUE,FALSE
103823,0.0955223880597015,0.13609467455621302,16,FALSE,FALSE,FALSE
103835,0.009592760180995474,0.11551155115511551,108,FALSE,TRUE,FALSE
103843,0.07756813417190776,0.191580069277911,79,FALSE,FALSE,TRUE
103850,0.034482758620689655,0.4,1,FALSE,TRUE,TRUE
103851,0.08139534883720931,0.07142857142857142,3,FALSE,FALSE,FALSE
103852,0.23529411764705882,0.16721618713775033,573,TRUE,FALSE,TRUE
103857,0.07071240105540898,0.18221734357848518,82,FALSE,FALSE,TRUE
103863,0.08,0.09090909090909091,2,FALSE,FALSE,FALSE
103868,0.12995245641838352,0.10499139414802065,15,FALSE,FALSE,FALSE
103888,0.20898521601837233,0.11031664964249234,166,TRUE,FALSE,FALSE
103893,0.08599146294140474,0.12217875413782726,282,FALSE,FALSE,FALSE
103898,0.13559107052257738,0.16157088378938916,305,FALSE,FALSE,FALSE
103900,0.08183673469387755,0.14416475972540047,115,FALSE,FALSE,FALSE
103902,0.14912280701754385,0.08333333333333333,2,TRUE,FALSE,FALSE
103908,0.10848126232741617,0.21011115095016134,183,FALSE,FALSE,TRUE
103914,0,0.16666666666666666,3,FALSE,TRUE,TRUE
103917,0.14707073981038812,0.1453307073691121,246,TRUE,FALSE,FALSE
103925,0.0625,0.15,1,FALSE,FALSE,FALSE
103926,0.059316956261234274,0.14129244249726178,34,FALSE,FALSE,FALSE
103967,0.056716417910447764,0.18604651162790697,8,FALSE,TRUE,TRUE
103969,0.175,0.16666666666666666,1,TRUE,FALSE,TRUE
103970,0.05944892656912348,0.08998688841349803,617,FALSE,FALSE,FALSE
103971,0.12293577981651377,0.14046242774566475,37,FALSE,FALSE,FALSE
103976,0,0,2,FALSE,TRUE,FALSE
103990,0.0878119349005425,0.09305696477750398,286,FALSE,FALSE,FALSE
103997,0.10185614849187935,0.13535449988063977,168,FALSE,FALSE,FALSE
103999,0.06598984771573604,0.24390243902439024,8,FALSE,FALSE,TRUE
104003,0.07259528130671507,0.09867172675521822,13,FALSE,FALSE,FALSE
104004,0.08658008658008658,0.09900990099009901,4,FALSE,FALSE,FALSE
104007,0.03686635944700461,0.029069767441860465,5,FALSE,TRUE,FALSE
104010,0.02158273381294964,0.1440677966101695,2,FALSE,TRUE,FALSE
104019,0.08906882591093117,0.09859154929577464,12,FALSE,FALSE,FALSE
104022,0.07782482958066515,0.13725703116516452,393,FALSE,FALSE,FALSE
104023,0.13186813186813187,0.25,2,FALSE,FALSE,TRUE
104025,0.1956521739130435,0.13114754098360656,2,TRUE,FALSE,FALSE
104026,0.27848101265822783,0.36666666666666664,2,TRUE,FALSE,TRUE
104035,0.11780336581045173,0.19322709163346613,22,FALSE,FALSE,TRUE
104043,0.012875536480686695,0.11764705882352941,4,FALSE,TRUE,FALSE
104053,0.22530104881522725,0.19442912300055157,152,TRUE,FALSE,TRUE
104068,0.08755398508048685,0.15503246753246752,49,FALSE,FALSE,FALSE
104070,0.09448818897637795,0.15966386554621848,2,FALSE,FALSE,FALSE
104071,0.13978494623655913,0.14957264957264957,6,TRUE,FALSE,FALSE
104076,0.11418685121107267,0.09144542772861357,7,FALSE,FALSE,FALSE
104095,0.025590551181102362,0.16569200779727095,10,FALSE,TRUE,TRUE
104098,0.12836358954551308,0.1865159467097295,162,FALSE,FALSE,TRUE
104106,0.2972972972972973,0.20512820512820512,1,TRUE,FALSE,TRUE
104112,0.08256880733944955,0.07027027027027027,5,FALSE,FALSE,FALSE
104113,0.21052631578947367,0.027777777777777776,1,TRUE,FALSE,FALSE
104117,0.103125,0.13857677902621723,6,FALSE,FALSE,FALSE
104122,0.06484529295589203,0.08148741215194377,249,FALSE,FALSE,FALSE
104136,0.12686567164179105,0.03205128205128205,4,FALSE,FALSE,FALSE
104154,0.0799059929494712,0.15326633165829145,17,FALSE,FALSE,FALSE
104166,0.04097452934662237,0.17605499331678442,114,FALSE,TRUE,TRUE
104171,0.21296296296296297,0.1471861471861472,5,TRUE,FALSE,FALSE
104180,0.2870735833098393,0.17109103544127865,283,TRUE,FALSE,TRUE
104192,0,0.04878048780487805,1,FALSE,TRUE,FALSE
104195,0.00303951367781155,0.061224489795918366,7,FALSE,TRUE,FALSE
104198,0.08624600474275698,0.11835326139788083,425,FALSE,FALSE,FALSE
104214,0.1033672670321065,0.10139392782127173,107,FALSE,FALSE,FALSE
104216,0.03716448726772195,0.11161904761904762,53,FALSE,TRUE,FALSE
104217,0.06481481481481481,0.12295081967213115,2,FALSE,FALSE,FALSE
104219,0.15158924205378974,0.1925925925925926,9,TRUE,FALSE,TRUE
104225,0.05928614640048397,0.15718954248366013,77,FALSE,FALSE,FALSE
104226,0.05747126436781609,0.11290322580645161,5,FALSE,TRUE,FALSE
104227,0.02702702702702703,0.0990990990990991,2,FALSE,TRUE,FALSE
104229,0.0966874054144947,0.1709887903630584,265,FALSE,FALSE,TRUE
104230,0.03541315345699832,0.17343173431734318,14,FALSE,TRUE,TRUE
104233,0.02262443438914027,0.135678391959799,5,FALSE,TRUE,FALSE
104250,0.11818181818181818,0.14485981308411214,5,FALSE,FALSE,FALSE
104252,0.09123711340206185,0.13401519139655563,299,FALSE,FALSE,FALSE
104253,0.05555555555555555,0.0875,1,FALSE,TRUE,FALSE
104256,0.21008403361344538,0.25287356321839083,2,TRUE,FALSE,TRUE
104259,0.12617506549545385,0.12688195908704175,571,FALSE,FALSE,FALSE
104262,0.016696481812760882,0.09836065573770492,69,FALSE,TRUE,FALSE
104268,0.07305297929106848,0.11987538940809969,175,FALSE,FALSE,FALSE
104269,0.10922283750238686,0.0930937785313682,590,FALSE,FALSE,FALSE
104273,0.08180973039975209,0.1728039041703638,181,FALSE,FALSE,TRUE
104275,0.030303030303030304,0.11764705882352941,1,FALSE,TRUE,FALSE
104281,0.09259259259259259,0.21476510067114093,3,FALSE,FALSE,TRUE
104291,0.09348619072433559,0.15387631088895423,220,FALSE,FALSE,FALSE
104292,0.1558139534883721,0.12751677852348994,11,TRUE,FALSE,FALSE
104297,0.06954137587238285,0.10978868107845519,83,FALSE,FALSE,FALSE
104308,0.15900621118012423,0.17037037037037037,64,TRUE,FALSE,TRUE
104311,0.045454545454545456,0.02631578947368421,2,FALSE,TRUE,FALSE
104312,0.11199935400516796,0.14447636053101467,522,FALSE,FALSE,FALSE
104314,0.05134474327628362,0.17317708333333334,19,FALSE,TRUE,TRUE
104327,0.07790368271954674,0.14673599075678798,149,FALSE,FALSE,FALSE
104330,0.1566243833685694,0.15064935064935064,118,TRUE,FALSE,FALSE
104332,0.15681186283595921,0.11585261353898886,122,TRUE,FALSE,FALSE
104338,0.04075522424538678,0.09414355515793821,315,FALSE,TRUE,FALSE
104339,0.17467248908296942,0.1409090909090909,5,TRUE,FALSE,FALSE
104349,0.03024193548387097,0.09205260148656375,39,FALSE,TRUE,FALSE
104368,0.15584415584415584,0.04,2,TRUE,FALSE,FALSE
104371,0.1588785046728972,0.08333333333333333,2,TRUE,FALSE,FALSE
104372,0.07142857142857142,0.13333333333333333,2,FALSE,FALSE,FALSE
104385,0.09803921568627451,0.08620689655172414,1,FALSE,FALSE,FALSE
104386,0.14973061957497755,0.14083129584352078,304,TRUE,FALSE,FALSE
104393,0.12244897959183673,0.13333333333333333,1,FALSE,FALSE,FALSE
104397,0.0815450643776824,0.25943396226415094,6,FALSE,FALSE,TRUE
104415,0.06976744186046512,0.06818181818181818,1,FALSE,FALSE,FALSE
104417,0.19655233694686333,0.1712629545055331,121,TRUE,FALSE,TRUE
104424,0.06896551724137931,0.18149226977369481,99,FALSE,FALSE,TRUE
104433,0.1510051425899953,0.18701923076923077,43,TRUE,FALSE,TRUE
104453,0.14144736842105263,0.13175675675675674,7,TRUE,FALSE,FALSE
104460,0.17072873507189862,0.1301160659743433,159,TRUE,FALSE,FALSE
104465,0.2,0.46875,1,TRUE,FALSE,TRUE
104467,0.04678362573099415,0.08092485549132948,9,FALSE,TRUE,FALSE
104468,0.08844657812664261,0.11214544965721199,613,FALSE,FALSE,FALSE
104471,0.1791361187174278,0.11181998448142082,244,TRUE,FALSE,FALSE
104473,0.07692307692307693,0.07692307692307693,1,FALSE,FALSE,FALSE
104476,0.13427561837455831,0.0880281690140845,6,FALSE,FALSE,FALSE
104477,0.05649717514124294,0.14285714285714285,4,FALSE,TRUE,FALSE
104494,0.04820012202562538,0.13976499690785404,34,FALSE,TRUE,FALSE
104499,0.07231920199501247,0.19548218940052128,21,FALSE,FALSE,TRUE
104500,0.08430357912893488,0.10476190476190476,101,FALSE,FALSE,FALSE
104505,0.158040027605245,0.13745454545454547,30,TRUE,FALSE,FALSE
104516,0.08294930875576037,0.28,4,FALSE,FALSE,TRUE
104523,0.04150943396226415,0.10935483870967742,70,FALSE,TRUE,FALSE
104527,0.15633555849509337,0.0922118739367377,669,TRUE,FALSE,FALSE
104534,0.051925440393281445,0.1286004056795132,210,FALSE,TRUE,FALSE
104535,0.02976190476190476,0.1411042944785276,4,FALSE,TRUE,FALSE
104542,0.1972884703022938,0.10598303374565567,534,TRUE,FALSE,FALSE
104545,0.3132296186207062,0.14327439216924534,693,TRUE,FALSE,FALSE
104547,0.11638179373919723,0.17027329066341562,211,FALSE,FALSE,TRUE
104548,0.09861519093579521,0.17726480836236932,44,FALSE,FALSE,TRUE
104550,0.10204081632653061,0.15748031496062992,3,FALSE,FALSE,FALSE
104559,0.08730064973419964,0.14155757710228534,180,FALSE,FALSE,FALSE
104563,0.2081447963800905,0.11784232365145228,23,TRUE,FALSE,FALSE
104571,0.17637332353481536,0.11579169080090569,397,TRUE,FALSE,FALSE
104579,0.07228915662650602,0.24545454545454545,2,FALSE,FALSE,TRUE
104586,0.13858229090017168,0.15669099756690996,255,TRUE,FALSE,FALSE
104589,0.2389937106918239,0.15280898876404495,10,TRUE,FALSE,FALSE
104592,0.29273084479371314,0.11505922165820642,10,TRUE,FALSE,FALSE
104593,0.10711703336432186,0.08413806291232431,218,FALSE,FALSE,FALSE
104594,0.09544950055493896,0.14186450492182975,155,FALSE,FALSE,FALSE
104597,0.1899922248139509,0.12009399530023498,408,TRUE,FALSE,FALSE
104607,0.1775382870107771,0.13903335413632897,605,TRUE,FALSE,FALSE
104619,0.18609625668449198,0.16285452881976212,22,TRUE,FALSE,TRUE
104620,0.07297161517206732,0.1536555142503098,154,FALSE,FALSE,FALSE
104623,0.28378378378378377,0.2638888888888889,1,TRUE,FALSE,TRUE
104627,0.04,0.3939393939393939,1,FALSE,TRUE,TRUE
104628,0.12478336221837089,0.13530326594090203,12,FALSE,FALSE,FALSE
104629,0.09195402298850575,0.18243243243243243,24,FALSE,FALSE,TRUE
104633,0.058823529411764705,0.17073170731707318,2,FALSE,TRUE,TRUE
104639,0.08717660292463442,0.14454976303317535,35,FALSE,FALSE,FALSE
104640,0.041666666666666664,0.2692307692307692,1,FALSE,TRUE,TRUE
104644,0.04,0.16521739130434782,2,FALSE,TRUE,TRUE
104651,0.0596529284164859,0.06210526315789474,17,FALSE,FALSE,FALSE
104655,0.12082912032355915,0.10756164383561644,373,FALSE,FALSE,FALSE
104660,0.13334243210045038,0.10436910171268787,293,FALSE,FALSE,FALSE
104661,0.0903954802259887,0.07692307692307693,4,FALSE,FALSE,FALSE
104665,0.033606512293053184,0.1162234662934453,376,FALSE,TRUE,FALSE
104667,0.2047244094488189,0.08928571428571429,3,TRUE,FALSE,FALSE
104672,0.07855191256830601,0.12669039145907474,28,FALSE,FALSE,FALSE
104676,0.0664935064935065,0.20524457892082704,43,FALSE,FALSE,TRUE
104677,0.10909090909090909,0.0784313725490196,2,FALSE,FALSE,FALSE
104678,0.17303249274934868,0.09207385394845813,433,TRUE,FALSE,FALSE
104681,0.18292682926829268,0.18604651162790697,2,TRUE,FALSE,TRUE
104692,0.1891891891891892,0.47058823529411764,1,TRUE,FALSE,TRUE
104693,0.26506024096385544,0.0945945945945946,2,TRUE,FALSE,FALSE
104695,0.3356164383561644,0.07352941176470588,3,TRUE,FALSE,FALSE
104714,0.05672493756689261,0.11383108935128519,46,FALSE,TRUE,FALSE
104717,0.20670391061452514,0.17676767676767677,3,TRUE,FALSE,TRUE
104719,0.08942608901235298,0.08122605363984674,368,FALSE,FALSE,FALSE
104721,0.16778523489932887,0.17647058823529413,11,TRUE,FALSE,TRUE
104724,0.08063175394846218,0.11177474402730375,52,FALSE,FALSE,FALSE
104729,0.02040816326530612,0.12903225806451613,2,FALSE,TRUE,FALSE
104731,0.24747207719251868,0.11902834008097166,579,TRUE,FALSE,FALSE
104732,0.1891891891891892,0.17857142857142858,1,TRUE,FALSE,TRUE
104735,0.043976797517874006,0.11516549104720564,161,FALSE,TRUE,FALSE
104736,0.07329842931937172,0.1797752808988764,5,FALSE,FALSE,TRUE
104738,0.06172839506172839,0.011111111111111112,2,FALSE,FALSE,FALSE
104739,0.18333333333333332,0.09836065573770492,1,TRUE,FALSE,FALSE
104745,0.0678632221888455,0.12037084596024449,813,FALSE,FALSE,FALSE
104755,0.10952469250262686,0.15390739833414993,697,FALSE,FALSE,FALSE
104770,0.05562130177514793,0.12698412698412698,16,FALSE,TRUE,FALSE
104778,0.06451612903225806,0.16901408450704225,2,FALSE,FALSE,TRUE
104779,0.0973630831643002,0.16872427983539096,10,FALSE,FALSE,TRUE
104783,0.12056737588652482,0.3089430894308943,4,FALSE,FALSE,TRUE
104789,0.02127659574468085,0.018518518518518517,1,FALSE,TRUE,FALSE
104792,0.15894963461596773,0.06944700177990548,653,TRUE,FALSE,FALSE
104797,0.12679230806119024,0.11834871901255056,409,FALSE,FALSE,FALSE
104802,0.16326530612244897,0.21875,2,TRUE,FALSE,TRUE
104803,0.01694915254237288,0.07407407407407407,1,FALSE,TRUE,FALSE
104804,0.06853582554517133,0.14396887159533073,6,FALSE,FALSE,FALSE
104807,0.14666666666666667,0.047058823529411764,3,TRUE,FALSE,FALSE
104810,0.0577319587628866,0.23,11,FALSE,TRUE,TRUE
104813,0.1475095785440613,0.13680884676145338,62,TRUE,FALSE,FALSE
104820,0.07017543859649122,0.15853658536585366,2,FALSE,FALSE,FALSE
104822,0,0.17391304347826086,1,FALSE,TRUE,TRUE
104839,0,0.08823529411764706,2,FALSE,TRUE,FALSE
104847,0.22784810126582278,0.34615384615384615,2,TRUE,FALSE,TRUE
104850,0.0641399416909621,0.11515151515151516,6,FALSE,FALSE,FALSE
104851,0.11570247933884298,0.10606060606060606,4,FALSE,FALSE,FALSE
104857,0.12954545454545455,0.0735632183908046,9,FALSE,FALSE,FALSE
104864,0.1644398766700925,0.14256198347107438,22,TRUE,FALSE,FALSE
104868,0.13626016260162602,0.1497584541062802,58,FALSE,FALSE,FALSE
104869,0.191904047976012,0.16091954022988506,17,TRUE,FALSE,FALSE
104871,0.1630239765128038,0.14345271182402922,512,TRUE,FALSE,FALSE
104873,0.10132501948558068,0.0825531914893617,24,FALSE,FALSE,FALSE
104882,0.08152630694234325,0.1332973556395035,118,FALSE,FALSE,FALSE
104890,0.15313045163791433,0.15908654768758396,109,TRUE,FALSE,FALSE
104893,0.07926829268292683,0.15827338129496402,2,FALSE,FALSE,FALSE
104897,0.14131274131274132,0.10145290581162325,80,TRUE,FALSE,FALSE
104898,0.1353654868143989,0.11930765480253534,412,FALSE,FALSE,FALSE
104905,0.03317535545023697,0.16161616161616163,4,FALSE,TRUE,FALSE
104907,0.0781758957654723,0.17375886524822695,7,FALSE,FALSE,TRUE
104914,0.18333333333333332,0.09523809523809523,2,TRUE,FALSE,FALSE
104918,0.1433351752931786,0.10397282949940065,693,TRUE,FALSE,FALSE
104919,0.12659176029962546,0.09567005321722302,325,FALSE,FALSE,FALSE
104925,0.11137979497354497,0.11029214411066378,982,FALSE,FALSE,FALSE
104926,0.06851738865161684,0.10505075210957564,692,FALSE,FALSE,FALSE
104932,0.15203061875398682,0.10795454545454546,88,TRUE,FALSE,FALSE
104944,0.07602339181286549,0.21014492753623187,3,FALSE,FALSE,TRUE
104945,0.0547945205479452,0.11560693641618497,3,FALSE,TRUE,FALSE
104947,0.12653305414298535,0.16650928548945546,69,FALSE,FALSE,TRUE
104948,0.1111111111111111,0.21686746987951808,2,FALSE,FALSE,TRUE
104953,0.09090909090909091,0.17647058823529413,1,FALSE,FALSE,TRUE
104958,0.19529085872576177,0.1388499298737728,12,TRUE,FALSE,FALSE
104960,0.02631578947368421,0.18181818181818182,2,FALSE,TRUE,TRUE
104963,0.08108108108108109,0.14018691588785046,3,FALSE,FALSE,FALSE
104965,0.060790273556231005,0.05862068965517241,8,FALSE,FALSE,FALSE
104967,0.14705882352941177,0.06338028169014084,3,TRUE,FALSE,FALSE
104970,0.03918918918918919,0.09570957095709572,17,FALSE,TRUE,FALSE
104971,0.25,0.04878048780487805,1,TRUE,FALSE,FALSE
104975,0.13793103448275862,0.14705882352941177,1,FALSE,FALSE,FALSE
104976,0.07794561933534744,0.13421052631578947,67,FALSE,FALSE,FALSE
104978,0.16818700114025084,0.15786350148367953,132,TRUE,FALSE,FALSE
104979,0.08965272856130405,0.08098845598845598,126,FALSE,FALSE,FALSE
104986,0.17582417582417584,0.1744186046511628,2,TRUE,FALSE,TRUE
104993,0.04081632653061224,0.16666666666666666,1,FALSE,TRUE,TRUE
104997,0.15880476750041966,0.1389602053915276,131,TRUE,FALSE,FALSE
104999,0.10391459074733096,0.11925431782874897,233,FALSE,FALSE,FALSE
105001,0.0297029702970297,0.15555555555555556,3,FALSE,TRUE,FALSE
105004,0.04929577464788732,0.1984732824427481,3,FALSE,TRUE,TRUE
105011,0.10487394957983193,0.12173913043478261,126,FALSE,FALSE,FALSE
105015,0.08699472759226713,0.09671694764862467,26,FALSE,FALSE,FALSE
105023,0.27436507936507937,0.13949275362318841,525,TRUE,FALSE,FALSE
105026,0.08108108108108109,0.07894736842105263,1,FALSE,FALSE,FALSE
105028,0.09603174603174604,0.1797371767698177,49,FALSE,FALSE,TRUE
105029,0.07317073170731707,0.03571428571428571,1,FALSE,FALSE,FALSE
105030,0.1837837837837838,0.21256038647342995,10,TRUE,FALSE,TRUE
105031,0.13194444444444445,0.056,2,FALSE,FALSE,FALSE
105032,0.3093959731543624,0.13316975239794782,89,TRUE,FALSE,FALSE
105041,0.13579493439121149,0.16502634456705437,209,FALSE,FALSE,TRUE
105047,0.2403846153846154,0.09,3,TRUE,FALSE,FALSE
105051,0.12292013311148087,0.1448455850369726,204,FALSE,FALSE,FALSE
105053,0.07478034493979824,0.1421662755138326,312,FALSE,FALSE,FALSE
105059,0,0,1,FALSE,TRUE,FALSE
105060,0.06622516556291391,0.25,3,FALSE,FALSE,TRUE
105062,0.06365767878077375,0.15446063784377095,347,FALSE,FALSE,FALSE
105063,0.07531380753138076,0.11416184971098266,14,FALSE,FALSE,FALSE
105064,0.12678698492787374,0.09514376613242091,336,FALSE,FALSE,FALSE
105065,0.08882655446470314,0.11927065908330545,127,FALSE,FALSE,FALSE
105070,0,0.2727272727272727,1,FALSE,TRUE,TRUE
105072,0,0.11363636363636363,1,FALSE,TRUE,FALSE
105074,0.10559587918520252,0.17600811564798377,72,FALSE,FALSE,TRUE
105077,0.0655885595910321,0.12087051290784007,604,FALSE,FALSE,FALSE
105079,0.07936507936507936,0.08843537414965986,2,FALSE,FALSE,FALSE
105080,0.11627906976744186,0.10434782608695652,4,FALSE,FALSE,FALSE
105084,0,0.1388888888888889,1,FALSE,TRUE,FALSE
105091,0.09523809523809523,0.03496503496503497,2,FALSE,FALSE,FALSE
105095,0.10568112400733048,0.16055846422338568,40,FALSE,FALSE,FALSE
105098,0.10984848484848485,0.14855072463768115,6,FALSE,FALSE,FALSE
105099,0.054826254826254826,0.0748502994011976,28,FALSE,TRUE,FALSE
105100,0.034482758620689655,0.14545454545454545,1,FALSE,TRUE,FALSE
105113,0.13533834586466165,0.24444444444444444,3,FALSE,FALSE,TRUE
105116,0.025,0.3055555555555556,1,FALSE,TRUE,TRUE
105120,0.023255813953488372,0.08928571428571429,2,FALSE,TRUE,FALSE
105128,0.06046511627906977,0.14222222222222222,6,FALSE,FALSE,FALSE
105132,0.10295434198746643,0.13903061224489796,47,FALSE,FALSE,FALSE
105137,0.1171003717472119,0.12496392496392496,80,FALSE,FALSE,FALSE
105138,0.06081946222791293,0.15598210957882966,670,FALSE,FALSE,FALSE
105147,0.08953309389430478,0.1727996021879662,85,FALSE,FALSE,TRUE
105149,0.1387434554973822,0.07714285714285714,8,TRUE,FALSE,FALSE
105154,0.12040238918579063,0.10602258469259725,72,FALSE,FALSE,FALSE
105155,0.048377916903813316,0.09667487684729065,36,FALSE,TRUE,FALSE
105161,0.0345821325648415,0.1320754716981132,7,FALSE,TRUE,FALSE
105163,0.11949685534591195,0.1317365269461078,4,FALSE,FALSE,FALSE
105166,0.08835758835758836,0.1675050301810865,41,FALSE,FALSE,TRUE
105173,0.10001022250996695,0.15243840444640255,628,FALSE,FALSE,FALSE
105175,0.15384615384615385,0.14814814814814814,1,TRUE,FALSE,FALSE
105180,0.07894736842105263,0.21212121212121213,1,FALSE,FALSE,TRUE
105181,0.07586206896551724,0.05217391304347826,3,FALSE,FALSE,FALSE
105194,0.10588235294117647,0.13513513513513514,6,FALSE,FALSE,FALSE
105208,0.20155617802676626,0.10685145188384929,344,TRUE,FALSE,FALSE
105216,0.07539164490861619,0.1857707509881423,130,FALSE,FALSE,TRUE
105217,0.1752136752136752,0.11358497129935641,120,TRUE,FALSE,FALSE
105223,0.16431539527009695,0.1523596207938327,401,TRUE,FALSE,FALSE
105226,0.059332509270704575,0.08547008547008547,34,FALSE,FALSE,FALSE
105227,0.20907116860874086,0.12384666080843586,718,TRUE,FALSE,FALSE
105229,0.09090909090909091,0.2807017543859649,2,FALSE,FALSE,TRUE
105233,0,0.15625,1,FALSE,TRUE,FALSE
105238,0.18273045507584598,0.1333538967715402,411,TRUE,FALSE,FALSE
105245,0.058823529411764705,0.0625,1,FALSE,TRUE,FALSE
105254,0.11036789297658862,0.15249266862170088,8,FALSE,FALSE,FALSE
105262,0.034482758620689655,0.06666666666666667,1,FALSE,TRUE,FALSE
105269,0.10843373493975904,0.13580246913580246,2,FALSE,FALSE,FALSE
105270,0.059496567505720827,0.04904632152588556,6,FALSE,FALSE,FALSE
105271,0.041237113402061855,0.25806451612903225,2,FALSE,TRUE,TRUE
105281,0.18181818181818182,0.24242424242424243,1,TRUE,FALSE,TRUE
105283,0.016574585635359115,0.0963855421686747,4,FALSE,TRUE,FALSE
105286,0.17132867132867133,0.15985130111524162,6,TRUE,FALSE,FALSE
105292,0.08388003748828492,0.12319538017324351,46,FALSE,FALSE,FALSE
105294,0.22727272727272727,0.06944444444444445,1,TRUE,FALSE,FALSE
105300,0.2396694214876033,0.022058823529411766,4,TRUE,FALSE,FALSE
105302,0.22308892355694226,0.1552,13,TRUE,FALSE,FALSE
105311,0.07380316031321799,0.13210120391271632,438,FALSE,FALSE,FALSE
105318,0.10074626865671642,0.17777777777777778,6,FALSE,FALSE,TRUE
105325,0.03333333333333333,0.13043478260869565,1,FALSE,TRUE,FALSE
105332,0.1948355808907985,0.07533340484107405,539,TRUE,FALSE,FALSE
105336,0.047619047619047616,0.2692307692307692,1,FALSE,TRUE,TRUE
105339,0.08396946564885496,0.09420289855072464,7,FALSE,FALSE,FALSE
105341,0.035028022417934346,0.18524798643493007,89,FALSE,TRUE,TRUE
105357,0.07814696958484423,0.14439288476411447,264,FALSE,FALSE,FALSE
105359,0.0663265306122449,0.1842456608811749,32,FALSE,FALSE,TRUE
105373,0.0997389860001582,0.13162790697674417,271,FALSE,FALSE,FALSE
105376,0.15874949248883474,0.18279438682123245,172,TRUE,FALSE,TRUE
105379,0.18408372233097425,0.12866065232477447,291,TRUE,FALSE,FALSE
105385,0.07007912158889068,0.1339775612152977,265,FALSE,FALSE,FALSE
105401,0.01818181818181818,0.08695652173913043,1,FALSE,TRUE,FALSE
105402,0,0.15384615384615385,1,FALSE,TRUE,FALSE
105404,0.19230769230769232,0.07,2,TRUE,FALSE,FALSE
105406,0.07692307692307693,0.13537117903930132,7,FALSE,FALSE,FALSE
105413,0.044715447154471545,0.04756468797564688,55,FALSE,TRUE,FALSE
105426,0.018518518518518517,0.07017543859649122,2,FALSE,TRUE,FALSE
105427,0.07407407407407407,0.26666666666666666,1,FALSE,FALSE,TRUE
105430,0.05197675370385528,0.14040858725761773,232,FALSE,TRUE,FALSE
105432,0.10871302957633892,0.15303643724696356,28,FALSE,FALSE,FALSE
105436,0.0326530612244898,0.1091703056768559,4,FALSE,TRUE,FALSE
105438,0.16441207075962538,0.09352189781021898,49,TRUE,FALSE,FALSE
105441,0.12136627906976744,0.1125776397515528,27,FALSE,FALSE,FALSE
105449,0.17488532110091742,0.17181655137074045,401,TRUE,FALSE,TRUE
105453,0.06623763393009961,0.1341426094052841,606,FALSE,FALSE,FALSE
105454,0.15773809523809523,0.0955223880597015,7,TRUE,FALSE,FALSE
105471,0.056338028169014086,0.20833333333333334,2,FALSE,TRUE,TRUE
105472,0.03076923076923077,0.09090909090909091,3,FALSE,TRUE,FALSE
105477,0.07336827060505002,0.09904306220095693,41,FALSE,FALSE,FALSE
105487,0.09852216748768473,0.11076366030283082,130,FALSE,FALSE,FALSE
105497,0.02247191011235955,0.10227272727272728,2,FALSE,TRUE,FALSE
105512,0.16,0.16818181818181818,6,TRUE,FALSE,TRUE
105515,0.029197080291970802,0.056074766355140186,2,FALSE,TRUE,FALSE
105526,0.1986893059279118,0.15183622160366347,442,TRUE,FALSE,FALSE
105528,0.07053941908713693,0.17010309278350516,4,FALSE,FALSE,TRUE
105529,0.08196721311475409,0.04054054054054054,1,FALSE,FALSE,FALSE
105539,0.10536572690658698,0.1440436023877498,163,FALSE,FALSE,FALSE
105542,0.07142857142857142,0.07258064516129033,3,FALSE,FALSE,FALSE
105550,0.08883025505716799,0.1333478671608168,268,FALSE,FALSE,FALSE
105551,0.025,0.4482758620689655,1,FALSE,TRUE,TRUE
105554,0.08871132964556443,0.13903531892461782,297,FALSE,FALSE,FALSE
105558,0.14387127307146239,0.14073071718538566,42,TRUE,FALSE,FALSE
105559,0.03333333333333333,0.16666666666666666,1,FALSE,TRUE,TRUE
105561,0.060393258426966294,0.09161894846434149,35,FALSE,FALSE,FALSE
105572,0.16763678696158324,0.20838471023427868,35,TRUE,FALSE,TRUE
105573,0.14666666666666667,0.2235294117647059,2,TRUE,FALSE,TRUE
105575,0.0915807560137457,0.1633079688937202,248,FALSE,FALSE,TRUE
105577,0.20041614029872928,0.11235543844239497,284,TRUE,FALSE,FALSE
105579,0.0625,0.2571428571428571,1,FALSE,FALSE,TRUE
105583,0.06688022163542703,0.10971401559914913,438,FALSE,FALSE,FALSE
105585,0.09133489461358314,0.14585079631181894,28,FALSE,FALSE,FALSE
105586,0.027777777777777776,0.11764705882352941,1,FALSE,TRUE,FALSE
105589,0.0846084608460846,0.13062622309197652,46,FALSE,FALSE,FALSE
105591,0.23529411764705882,0.16666666666666666,1,TRUE,FALSE,TRUE
105596,0.1326530612244898,0.125,3,FALSE,FALSE,FALSE
105601,0.018867924528301886,0.023809523809523808,1,FALSE,TRUE,FALSE
105609,0.047619047619047616,0.21739130434782608,1,FALSE,TRUE,TRUE
105613,0.09954233409610984,0.12747314867156587,67,FALSE,FALSE,FALSE
105614,0.14556754988550866,0.13813096862210095,56,TRUE,FALSE,FALSE
105626,0.14285714285714285,0.13559322033898305,1,TRUE,FALSE,FALSE
105633,0.10066225165562914,0.15,15,FALSE,FALSE,FALSE
105634,0.09313725490196079,0.14402173913043478,7,FALSE,FALSE,FALSE
105638,0.092,0.20869565217391303,5,FALSE,FALSE,TRUE
105641,0.08604336043360433,0.11875452570601014,27,FALSE,FALSE,FALSE
105643,0.07414759458197104,0.09274332225151898,356,FALSE,FALSE,FALSE
105649,0.07779578606158834,0.09083469721767594,78,FALSE,FALSE,FALSE
105650,0.1678832116788321,0.10891089108910891,2,TRUE,FALSE,FALSE
105651,0.06896551724137931,0.3939393939393939,1,FALSE,FALSE,TRUE
105655,0.0420899854862119,0.19699499165275458,14,FALSE,TRUE,TRUE
105656,0.0379746835443038,0.1111111111111111,2,FALSE,TRUE,FALSE
105657,0.23657548125633232,0.10832274459974588,126,TRUE,FALSE,FALSE
105668,0.1781292984869326,0.1569234296194406,162,TRUE,FALSE,FALSE
105671,0.09518518518518519,0.06595881595881596,67,FALSE,FALSE,FALSE
105676,0.11379723823153987,0.12639188054470446,568,FALSE,FALSE,FALSE
105677,0.02247191011235955,0.22727272727272727,2,FALSE,TRUE,TRUE
105678,0.03125,0.057803468208092484,2,FALSE,TRUE,FALSE
105679,0.09375,0.06329113924050633,2,FALSE,FALSE,FALSE
105683,0.31479683298476246,0.11218348231774636,561,TRUE,FALSE,FALSE
105688,0.15625,0.0898876404494382,2,TRUE,FALSE,FALSE
105692,0.0851063829787234,0.13953488372093023,1,FALSE,FALSE,FALSE
105707,0.24324324324324326,0.21212121212121213,1,TRUE,FALSE,TRUE
105711,0,0.10227272727272728,2,FALSE,TRUE,FALSE
105723,0.11139796050083904,0.12304384183490623,170,FALSE,FALSE,FALSE
105730,0.3191489361702128,0.23809523809523808,1,TRUE,FALSE,TRUE
105731,0.03460837887067395,0.16122840690978887,12,FALSE,TRUE,FALSE
105732,0.17507678806494076,0.1117964533538936,227,TRUE,FALSE,FALSE
105733,0.181438127090301,0.1855583543240974,25,TRUE,FALSE,TRUE
105738,0.10734463276836158,0.22784810126582278,4,FALSE,FALSE,TRUE
105751,0.0967741935483871,0.25,1,FALSE,FALSE,TRUE
105757,0.1111111111111111,0.021897810218978103,3,FALSE,FALSE,FALSE
105777,0.14163125655317035,0.11538357094365241,738,TRUE,FALSE,FALSE
105781,0.125,0,1,FALSE,FALSE,FALSE
105782,0.20588235294117646,0,1,TRUE,FALSE,FALSE
105783,0.1038961038961039,0.25862068965517243,1,FALSE,FALSE,TRUE
105806,0.11832740213523131,0.1697860962566845,51,FALSE,FALSE,TRUE
105807,0.07984436428484579,0.14359085963003265,489,FALSE,FALSE,FALSE
105815,0.16802297750119674,0.1119629452164191,123,TRUE,FALSE,FALSE
105819,0.07909319899244333,0.1376998452810727,40,FALSE,FALSE,FALSE
105821,0,0.043478260869565216,1,FALSE,TRUE,FALSE
105826,0.15217391304347827,0.1111111111111111,2,TRUE,FALSE,FALSE
105827,0,0.041666666666666664,1,FALSE,TRUE,FALSE
105830,0.07142857142857142,0.09090909090909091,1,FALSE,FALSE,FALSE
105831,0.018018018018018018,0.09821428571428571,3,FALSE,TRUE,FALSE
105841,0.05236907730673317,0.11345646437994723,8,FALSE,TRUE,FALSE
105842,0.05009633911368015,0.1791044776119403,24,FALSE,TRUE,TRUE
105853,0.08571428571428572,0.11304347826086956,3,FALSE,FALSE,FALSE
105870,0.09315179293610137,0.11927374301675978,149,FALSE,FALSE,FALSE
105871,0.125,0.12903225806451613,1,FALSE,FALSE,FALSE
105872,0.08932038834951456,0.10136452241715399,13,FALSE,FALSE,FALSE
105874,0.3755334281650071,0.1679790026246719,14,TRUE,FALSE,TRUE
105877,0.06984387838948233,0.14650205761316873,26,FALSE,FALSE,FALSE
105881,0.24528301886792453,0.34451901565995524,8,TRUE,FALSE,TRUE
105882,0.1522491349480969,0.11195752539242844,85,TRUE,FALSE,FALSE
105888,0.039473684210526314,0.18823529411764706,2,FALSE,TRUE,TRUE
105894,0.050793650793650794,0.0743801652892562,13,FALSE,TRUE,FALSE
105899,0.12195121951219512,0,1,FALSE,FALSE,FALSE
105902,0.16630196936542668,0.18678000223688626,173,TRUE,FALSE,TRUE
105905,0.12946428571428573,0.049019607843137254,5,FALSE,FALSE,FALSE
105906,0.0979020979020979,0.11564625850340136,4,FALSE,FALSE,FALSE
105911,0,0.11538461538461539,2,FALSE,TRUE,FALSE
105916,0.08911172747315269,0.07269168466522678,291,FALSE,FALSE,FALSE
105917,0.07262569832402235,0.017937219730941704,5,FALSE,FALSE,FALSE
105930,0.1,0.13,3,FALSE,FALSE,FALSE
105932,0.0841255728062376,0.16446342620839266,310,FALSE,FALSE,TRUE
105933,0.08,0.11864406779661017,6,FALSE,FALSE,FALSE
105934,0.09722222222222222,0.26865671641791045,2,FALSE,FALSE,TRUE
105936,0.09063917525773196,0.17408226448474126,244,FALSE,FALSE,TRUE
105938,0.17777777777777778,0,1,TRUE,FALSE,FALSE
105941,0,0.09523809523809523,1,FALSE,TRUE,FALSE
105943,0.11658031088082901,0.10615199034981906,18,FALSE,FALSE,FALSE
105948,0.04970303219756174,0.07118758434547909,125,FALSE,TRUE,FALSE
105952,0.06454033771106941,0.05531135531135531,55,FALSE,FALSE,FALSE
105960,0.03211009174311927,0.12807881773399016,4,FALSE,TRUE,FALSE
105963,0.0855614973262032,0.12023460410557185,8,FALSE,FALSE,FALSE
105967,0.11814524666525514,0.10858794384805945,101,FALSE,FALSE,FALSE
105985,0.030303030303030304,0.1111111111111111,13,FALSE,TRUE,FALSE
105987,0,0.16,1,FALSE,TRUE,FALSE
105992,0.1477061376317421,0.12970219435736677,273,TRUE,FALSE,FALSE
105999,0.15384615384615385,0.17857142857142858,1,TRUE,FALSE,TRUE
106000,0.04941096703110433,0.10901749663526245,238,FALSE,TRUE,FALSE
106005,0.08339173090399439,0.15224656516895654,59,FALSE,FALSE,FALSE
106006,0.1079136690647482,0.15950920245398773,4,FALSE,FALSE,FALSE
106026,0.0496996176952485,0.15356928614277143,39,FALSE,TRUE,FALSE
106031,0.05405405405405406,0.05714285714285714,1,FALSE,TRUE,FALSE
106032,0.047556142668428,0.08011049723756906,17,FALSE,TRUE,FALSE
106034,0.14968696642003415,0.14245495495495494,36,TRUE,FALSE,FALSE
106035,0.10204081632653061,0.06060606060606061,1,FALSE,FALSE,FALSE
106043,0.03881439661256175,0.11799117991179912,462,FALSE,TRUE,FALSE
106044,0.04644930772666369,0.13456221198156681,47,FALSE,TRUE,FALSE
106045,0.11908895924828924,0.19076226117786094,203,FALSE,FALSE,TRUE
106053,0.017142857142857144,0.06802721088435375,3,FALSE,TRUE,FALSE
106057,0.07894736842105263,0,1,FALSE,FALSE,FALSE
106058,0.13957233028468374,0.14838509316770188,329,TRUE,FALSE,FALSE
106065,0.08078927773641102,0.10388300554715078,206,FALSE,FALSE,FALSE
106066,0.09090909090909091,0.07692307692307693,1,FALSE,FALSE,FALSE
106071,0.1419324528892833,0.20192999280748022,346,TRUE,FALSE,TRUE
106072,0.01910828025477707,0.09307359307359307,9,FALSE,TRUE,FALSE
106075,0.06677613574165299,0.11585193557502119,72,FALSE,FALSE,FALSE
106078,0.14217821782178217,0.13647905205247568,98,TRUE,FALSE,FALSE
106093,0.1474820143884892,0.20209059233449478,5,TRUE,FALSE,TRUE
106099,0.06818923327895596,0.14378871861754158,63,FALSE,FALSE,FALSE
106105,0.10338983050847457,0.2445759368836292,12,FALSE,FALSE,TRUE
106109,0.1452814569536424,0.15215654952076677,48,TRUE,FALSE,FALSE
106110,0.06722689075630252,0.05198776758409786,8,FALSE,FALSE,FALSE
106120,0.025362318840579712,0.15458937198067632,6,FALSE,TRUE,FALSE
106121,0.07809645597369383,0.14402977951703733,223,FALSE,FALSE,FALSE
106137,0.06422018348623854,0.1025,9,FALSE,FALSE,FALSE
106138,0.1724137931034483,0.18181818181818182,1,TRUE,FALSE,TRUE
106148,0.05453555313521083,0.10689089417555374,265,FALSE,TRUE,FALSE
106158,0,0.3333333333333333,1,FALSE,TRUE,TRUE
106162,0.02197802197802198,0.02197802197802198,5,FALSE,TRUE,FALSE
106167,0.2247191011235955,0.1956521739130435,2,TRUE,FALSE,TRUE
106174,0.0661764705882353,0.06172839506172839,4,FALSE,FALSE,FALSE
106177,0.18235294117647058,0.15894039735099338,3,TRUE,FALSE,FALSE
106186,0.1123076923076923,0.14555171329770514,60,FALSE,FALSE,FALSE
106187,0.07407407407407407,0.07446808510638298,4,FALSE,FALSE,FALSE
106198,0.03435934144595562,0.09704406023424428,76,FALSE,TRUE,FALSE
106203,0.08,0.15789473684210525,1,FALSE,FALSE,FALSE
106207,0.124282982791587,0.08577878103837472,13,FALSE,FALSE,FALSE
106210,0.15410891414307298,0.1472536571901739,293,TRUE,FALSE,FALSE
106214,0.1795478443743428,0.1213226355458303,81,TRUE,FALSE,FALSE
106216,0.10502599653379549,0.17139959432048682,62,FALSE,FALSE,TRUE
106218,0.10591611887788167,0.12820052106728955,223,FALSE,FALSE,FALSE
106220,0.06775067750677506,0.1111111111111111,18,FALSE,FALSE,FALSE
106223,0.07272727272727272,0.14691943127962084,6,FALSE,FALSE,FALSE
106225,0.1685823754789272,0.1751592356687898,5,TRUE,FALSE,TRUE
106227,0.10833333333333334,0.0916030534351145,3,FALSE,FALSE,FALSE
106228,0.07269673704414588,0.13780749940291379,83,FALSE,FALSE,FALSE
106233,0.1192159260249895,0.10544365027795827,552,FALSE,FALSE,FALSE
106234,0.10135893280139634,0.1240057845263919,166,FALSE,FALSE,FALSE
106238,0.08333333333333333,0.21739130434782608,1,FALSE,FALSE,TRUE
106243,0.09501187648456057,0.17073170731707318,10,FALSE,FALSE,TRUE
106244,0.15577889447236182,0.1524390243902439,3,TRUE,FALSE,FALSE
106246,0.08695652173913043,0.0660377358490566,3,FALSE,FALSE,FALSE
106249,0.02622950819672131,0.05244122965641953,11,FALSE,TRUE,FALSE
106250,0.05714285714285714,0.05555555555555555,1,FALSE,TRUE,FALSE
106261,0.19425444596443228,0.15613382899628253,16,TRUE,FALSE,FALSE
106269,0.03333333333333333,0.23333333333333334,1,FALSE,TRUE,TRUE
106277,0.04,0.15,1,FALSE,TRUE,FALSE
106281,0.07539226942212017,0.13860206513105638,55,FALSE,FALSE,FALSE
106283,0.10311284046692606,0.16633663366336635,32,FALSE,FALSE,TRUE
106288,0.0646900269541779,0.08222811671087533,6,FALSE,FALSE,FALSE
106290,0.0946969696969697,0.07046979865771812,6,FALSE,FALSE,FALSE
106291,0.09433962264150944,0.1257995735607676,10,FALSE,FALSE,FALSE
106292,0.023809523809523808,0.22580645161290322,1,FALSE,TRUE,TRUE
106293,0.10353866317169069,0.14147018030513175,14,FALSE,FALSE,FALSE
106296,0.09364119479567527,0.1488655229662424,101,FALSE,FALSE,FALSE
106298,0.156128024980484,0.13970206773882754,266,TRUE,FALSE,FALSE
106302,0.06666666666666667,0.24242424242424243,3,FALSE,FALSE,TRUE
106310,0.08847736625514403,0.10909090909090909,10,FALSE,FALSE,FALSE
106311,0.16216216216216217,0.25806451612903225,1,TRUE,FALSE,TRUE
106321,0.13953488372093023,0.13725490196078433,1,TRUE,FALSE,FALSE
106324,0.042735042735042736,0.19626168224299065,2,FALSE,TRUE,TRUE
106325,0.010416666666666666,0.19791666666666666,4,FALSE,TRUE,TRUE
106328,0.10429447852760736,0.14756671899529042,15,FALSE,FALSE,FALSE
106329,0.10448346904738547,0.15236701849723064,196,FALSE,FALSE,FALSE
106331,0.1394415917843389,0.15836443290605226,117,TRUE,FALSE,FALSE
106335,0.17647058823529413,0.3888888888888889,1,TRUE,FALSE,TRUE
106348,0.18072289156626506,0.13636363636363635,1,TRUE,FALSE,FALSE
106353,0.07100591715976332,0.15083798882681565,5,FALSE,FALSE,FALSE
106361,0.1321762349799733,0.0898716119828816,14,FALSE,FALSE,FALSE
106362,0.14464285714285716,0.08914728682170543,8,TRUE,FALSE,FALSE
106368,0.18126045733407697,0.09296077377753896,41,TRUE,FALSE,FALSE
106374,0.021739130434782608,0.15789473684210525,1,FALSE,TRUE,FALSE
106378,0.12308385933273219,0.15664893617021278,236,FALSE,FALSE,FALSE
106380,0.06818181818181818,0.20512820512820512,1,FALSE,FALSE,TRUE
106390,0.15555555555555556,0.07228915662650602,2,TRUE,FALSE,FALSE
106393,0.060498220640569395,0.13584905660377358,7,FALSE,FALSE,FALSE
106397,0.14285714285714285,0.13043478260869565,1,TRUE,FALSE,FALSE
106398,0.10619961078676675,0.09176194664321313,71,FALSE,FALSE,FALSE
106401,0.2748267898383372,0.18074949665519258,312,TRUE,FALSE,TRUE
106408,0.16188524590163936,0.07884615384615384,10,TRUE,FALSE,FALSE
106412,0.018867924528301886,0.23943661971830985,6,FALSE,TRUE,TRUE
106415,0.038347442297952394,0.18810414717804802,272,FALSE,TRUE,TRUE
106420,0.1070110701107011,0.1297071129707113,5,FALSE,FALSE,FALSE
106421,0.1670242480670364,0.08452111106842368,528,TRUE,FALSE,FALSE
106423,0.19367588932806323,0.13989274889251574,157,TRUE,FALSE,FALSE
106425,0.14432989690721648,0.11538461538461539,2,TRUE,FALSE,FALSE
106426,0.08133020061449485,0.11581547146511423,220,FALSE,FALSE,FALSE
106430,0,0.01818181818181818,1,FALSE,TRUE,FALSE
106432,0.12323925085729359,0.1436265709156194,394,FALSE,FALSE,FALSE
108701,0.09302325581395349,0.2807017543859649,2,FALSE,FALSE,TRUE
108993,0,0.1875,1,FALSE,TRUE,TRUE
109054,0.08895705521472393,0.12758620689655173,6,FALSE,FALSE,FALSE
109303,0.12028725314183124,0.09269162210338681,10,FALSE,FALSE,FALSE
109640,0.2222222222222222,0.18421052631578946,1,TRUE,FALSE,TRUE
109686,0.029850746268656716,0.14516129032258066,3,FALSE,TRUE,FALSE
109699,0.1111111111111111,0.07042253521126761,2,FALSE,FALSE,FALSE
109734,0.09090909090909091,0.11538461538461539,1,FALSE,FALSE,FALSE
109739,0.127208480565371,0.14042714042714044,116,FALSE,FALSE,FALSE
110476,0,0.10526315789473684,2,FALSE,TRUE,FALSE
110536,0.11650485436893204,0.13564668769716087,7,FALSE,FALSE,FALSE
110596,0.07272727272727272,0.03333333333333333,1,FALSE,FALSE,FALSE
110602,0.09079975947083584,0.14258434118395927,63,FALSE,FALSE,FALSE
110636,0.29411764705882354,0.2916666666666667,1,TRUE,FALSE,TRUE
110686,0.05714285714285714,0.2727272727272727,2,FALSE,TRUE,TRUE
110748,0.06581059390048154,0.08916323731138547,14,FALSE,FALSE,FALSE
110751,0.037037037037037035,0,1,FALSE,TRUE,FALSE
110754,0.030303030303030304,0,1,FALSE,TRUE,FALSE
110778,0.1,0,2,FALSE,FALSE,FALSE
111153,0.18391376451077943,0.1516728624535316,102,TRUE,FALSE,FALSE
111156,0.20689655172413793,0.24,1,TRUE,FALSE,TRUE
111187,0.12,0.2,4,FALSE,FALSE,TRUE
111190,0.1385219564441271,0.15713772024451636,108,TRUE,FALSE,FALSE
111192,0.08496732026143791,0.19858156028368795,3,FALSE,FALSE,TRUE
111200,0.09603440038222646,0.09203196899975781,88,FALSE,FALSE,FALSE
111202,0.07618476304739052,0.15991692627206647,143,FALSE,FALSE,FALSE
111436,0.04938271604938271,0.06172839506172839,2,FALSE,TRUE,FALSE
111442,0.13488340002759763,0.11591262595523094,292,FALSE,FALSE,FALSE
111444,0.1111111111111111,0,1,FALSE,FALSE,FALSE
111453,0.06557377049180328,0.23837209302325582,4,FALSE,FALSE,TRUE
111454,0.12738853503184713,0.14553014553014554,10,FALSE,FALSE,FALSE
111456,0.09659284497444634,0.12513153279551034,226,FALSE,FALSE,FALSE
111459,0.10454545454545454,0.21739130434782608,4,FALSE,FALSE,TRUE
111460,0.239683763979946,0.12102846648301194,96,TRUE,FALSE,FALSE
111505,0.15310344827586206,0.16129032258064516,11,TRUE,FALSE,FALSE
111506,0.04591836734693878,0.15168539325842698,3,FALSE,TRUE,FALSE
111511,0.07352941176470588,0.20396600566572237,29,FALSE,FALSE,TRUE
111513,0.11147752527062872,0.08394833948339483,283,FALSE,FALSE,FALSE
111515,0.12878787878787878,0.15721649484536082,7,FALSE,FALSE,FALSE
111574,0.08284023668639054,0.24060150375939848,4,FALSE,FALSE,TRUE
111575,0.15204727379405725,0.12174419572272614,469,TRUE,FALSE,FALSE
111576,0.028055159296243463,0.11222869242985707,40,FALSE,TRUE,FALSE
111577,0.1465146299483649,0.1479709035222052,113,TRUE,FALSE,FALSE
111578,0.05905256327060351,0.12473721093202522,35,FALSE,FALSE,FALSE
111581,0.10570342205323194,0.1565698478561549,70,FALSE,FALSE,FALSE
111761,0,0.1875,1,FALSE,TRUE,TRUE
111790,0.13095238095238096,0.1890179514255544,20,FALSE,FALSE,TRUE
111794,0.1141163393849574,0.1840926064227035,55,FALSE,FALSE,TRUE
111795,0.09285714285714286,0.06993006993006994,3,FALSE,FALSE,FALSE
111797,0.1719703977798335,0.11325210163407953,202,TRUE,FALSE,FALSE
111805,0.13529411764705881,0.17857142857142858,5,FALSE,FALSE,TRUE
111806,0.14084507042253522,0.4657534246575342,1,TRUE,FALSE,TRUE
111815,0.0935836368730737,0.13102321782755805,350,FALSE,FALSE,FALSE
117352,0.1,0.36666666666666664,1,FALSE,FALSE,TRUE
117353,0.11764705882352941,0.18085106382978725,2,FALSE,FALSE,TRUE
117356,0.10072815533980582,0.1180722891566265,20,FALSE,FALSE,FALSE
117357,0.04262295081967213,0.2518796992481203,5,FALSE,TRUE,TRUE
117358,0.10112359550561797,0.15584415584415584,2,FALSE,FALSE,FALSE
117360,0.06692913385826772,0.13189964157706094,23,FALSE,FALSE,FALSE
117361,0.1554054054054054,0.11666666666666667,9,TRUE,FALSE,FALSE
117365,0.19230769230769232,0.11764705882352941,1,TRUE,FALSE,FALSE
120424,0.040943789035392086,0.15019157088122606,26,FALSE,TRUE,FALSE
121411,0.06818181818181818,0.14035087719298245,1,FALSE,FALSE,FALSE
121531,0.18493150684931506,0.18604651162790697,3,TRUE,FALSE,TRUE
122078,0.08695652173913043,0.05185185185185185,2,FALSE,FALSE,FALSE
122279,0,0,1,FALSE,TRUE,FALSE
122298,0.11717740988611013,0.09307986553842587,167,FALSE,FALSE,FALSE
122330,0.2618061309030654,0.10543945241389355,284,TRUE,FALSE,FALSE
122548,0.0625,0.1702127659574468,3,FALSE,FALSE,TRUE
122554,0.14912280701754385,0.020618556701030927,2,TRUE,FALSE,FALSE
122570,0.0975609756097561,0.13043478260869565,4,FALSE,FALSE,FALSE
122669,0.09027522935779816,0.0965540771067895,62,FALSE,FALSE,FALSE
123755,0.0941842511580031,0.09949072389959986,112,FALSE,FALSE,FALSE
123768,0.09090909090909091,0.20652173913043478,2,FALSE,FALSE,TRUE
123795,0.13068181818181818,0.20923076923076922,9,FALSE,FALSE,TRUE
123809,0.09389671361502347,0.10648148148148148,4,FALSE,FALSE,FALSE
123828,0.06437768240343347,0.18281535648994515,10,FALSE,FALSE,TRUE
123896,0.13333333333333333,0.05333333333333334,2,FALSE,FALSE,FALSE
123921,0.13347921225382933,0.09504132231404959,11,FALSE,FALSE,FALSE
124013,0.07291666666666667,0.0392156862745098,2,FALSE,FALSE,FALSE
124014,0.14431538190777896,0.1975221238938053,59,TRUE,FALSE,TRUE
124079,0.04031043669639754,0.1492845172102617,158,FALSE,TRUE,FALSE
124116,0.15150136487716107,0.10695764909248055,89,TRUE,FALSE,FALSE
124154,0.06363636363636363,0.1651376146788991,3,FALSE,FALSE,TRUE
124186,0.07376561570493753,0.13801836024058245,66,FALSE,FALSE,FALSE
124187,0.3371841155234657,0.14347688075335943,182,TRUE,FALSE,FALSE
125802,0.11257695690413369,0.1122629582806574,164,FALSE,FALSE,FALSE
125842,0.02631578947368421,0.1568627450980392,1,FALSE,TRUE,FALSE
126094,0.14719939627704176,0.15057580059946363,504,TRUE,FALSE,FALSE
126106,0.0910569105691057,0.12087912087912088,13,FALSE,FALSE,FALSE
126107,0.043478260869565216,0.14285714285714285,1,FALSE,TRUE,FALSE
126120,0.10810810810810811,0.22281167108753316,9,FALSE,FALSE,TRUE
126125,0.07309941520467836,0.10089020771513353,6,FALSE,FALSE,FALSE
126127,0.12983645791783008,0.15254237288135594,101,FALSE,FALSE,FALSE
126128,0.12900274473924978,0.12710046478369683,107,FALSE,FALSE,FALSE
126129,0.12602739726027398,0.1451851851851852,14,FALSE,FALSE,FALSE
126149,0.13277870216306156,0.1301460823373174,59,FALSE,FALSE,FALSE
126152,0.2833333333333333,0.11940298507462686,1,TRUE,FALSE,FALSE
126156,0.05106048703849175,0.13412408759124086,19,FALSE,TRUE,FALSE
126177,0.10975609756097561,0.15942028985507245,2,FALSE,FALSE,FALSE
126185,0.19230769230769232,0.25862068965517243,2,TRUE,FALSE,TRUE
126197,0.11764705882352941,0.09375,1,FALSE,FALSE,FALSE
126203,0.1973018549747049,0.13234479526183476,466,TRUE,FALSE,FALSE
126204,0.08571428571428572,0.265625,4,FALSE,FALSE,TRUE
126205,0.10269638189572156,0.0975070365902694,292,FALSE,FALSE,FALSE
126206,0.08974358974358974,0.15625,1,FALSE,FALSE,FALSE
126207,0.14534390742680434,0.18495450343049,394,TRUE,FALSE,TRUE
126208,0.09302325581395349,0.1111111111111111,1,FALSE,FALSE,FALSE
126214,0.1325824935783442,0.15770171149144255,102,FALSE,FALSE,FALSE
126237,0.06111111111111111,0.06962025316455696,4,FALSE,FALSE,FALSE
126239,0.19350699345566533,0.12691377921031427,154,TRUE,FALSE,FALSE
126283,0.0970873786407767,0.12631578947368421,2,FALSE,FALSE,FALSE
126340,0.15041782729805014,0.21301775147928995,10,TRUE,FALSE,TRUE
126409,0.1326241134751773,0.10841546626231995,24,FALSE,FALSE,FALSE
126504,0.015267175572519083,0.04477611940298507,3,FALSE,TRUE,FALSE
126523,0.0389160554197229,0.09037711313394019,95,FALSE,TRUE,FALSE
126533,0.09302325581395349,0.17647058823529413,1,FALSE,FALSE,TRUE
126535,0.053347849755035384,0.1361800346220427,38,FALSE,TRUE,FALSE
126555,0.05327868852459016,0.16115702479338842,6,FALSE,TRUE,FALSE
126573,0.14705882352941177,0.15384615384615385,1,TRUE,FALSE,FALSE
126591,0.07407407407407407,0.18181818181818182,1,FALSE,FALSE,TRUE
126610,0.19311867787434106,0.09380396490985701,278,TRUE,FALSE,FALSE
126612,0.02564102564102564,0.12781954887218044,3,FALSE,TRUE,FALSE
126623,0.02247191011235955,0.0375,2,FALSE,TRUE,FALSE
126627,0.010526315789473684,0.04519774011299435,4,FALSE,TRUE,FALSE
126646,0.2344582593250444,0.1303972366148532,20,TRUE,FALSE,FALSE
126652,0.11202635914332784,0.15725190839694655,13,FALSE,FALSE,FALSE
126663,0.04411764705882353,0.10344827586206896,3,FALSE,TRUE,FALSE
126762,0,0.043478260869565216,1,FALSE,TRUE,FALSE
126774,0.14347737877865693,0.10036438529784537,505,TRUE,FALSE,FALSE
126845,0.16774193548387098,0.14891542773580307,83,TRUE,FALSE,FALSE
126846,0.1850495476087893,0.15457413249211358,94,TRUE,FALSE,FALSE
126952,0.09827357237715803,0.19100032372936226,118,FALSE,FALSE,TRUE
126964,0.084070796460177,0.15920398009950248,5,FALSE,FALSE,FALSE
127123,0.10204081632653061,0.10526315789473684,1,FALSE,FALSE,FALSE
127157,0.11845861084681256,0.09648541114058355,123,FALSE,FALSE,FALSE
127339,0.20541902961562697,0.1293595434369055,27,TRUE,FALSE,FALSE
127760,0.1183345507669832,0.11243851018973998,25,FALSE,FALSE,FALSE
128034,0.2147473073736537,0.11461949633548245,339,TRUE,FALSE,FALSE
131905,0.07352941176470588,0.08187134502923976,10,FALSE,FALSE,FALSE
131934,0.09895337773549001,0.04709141274238227,21,FALSE,FALSE,FALSE
132283,0.11531579296176023,0.06967327562133482,289,FALSE,FALSE,FALSE
132482,0.13725490196078433,0.2229299363057325,4,FALSE,FALSE,TRUE
132686,0.09592111160914388,0.1202990484821024,84,FALSE,FALSE,FALSE
133018,0.06752411575562701,0.14328358208955225,10,FALSE,FALSE,FALSE
133297,0.2039141414141414,0.15275411697898922,34,TRUE,FALSE,FALSE
133430,0.17055115377942281,0.07665561142612604,359,TRUE,FALSE,FALSE
133835,0.09602400600150038,0.15359207266721717,27,FALSE,FALSE,FALSE
133975,0.05263157894736842,0.09523809523809523,6,FALSE,TRUE,FALSE
134457,0.11609195402298851,0.10833333333333334,17,FALSE,FALSE,FALSE
134472,0.15441176470588236,0.13020833333333334,9,TRUE,FALSE,FALSE
134770,0.10209619067886784,0.12522341376228777,379,FALSE,FALSE,FALSE
134840,0.02631578947368421,0,1,FALSE,TRUE,FALSE
134868,0.15309744646742243,0.15302532833020638,168,TRUE,FALSE,FALSE
136440,0.08310708898944193,0.12442467014421602,128,FALSE,FALSE,FALSE
144642,0.06822810590631365,0.12955032119914348,19,FALSE,FALSE,FALSE
144645,0.05519480519480519,0.15139442231075698,4,FALSE,TRUE,FALSE
144652,0.20588235294117646,0.1724137931034483,1,TRUE,FALSE,TRUE
144684,0.06469700237222342,0.12244897959183673,88,FALSE,FALSE,FALSE
144707,0.042527502012342365,0.09959380171505942,133,FALSE,TRUE,FALSE
144719,0.06716994080809814,0.0799650043744532,223,FALSE,FALSE,FALSE
144750,0.21219210127975782,0.11291690220463539,141,TRUE,FALSE,FALSE
144751,0.1111111111111111,0.2894736842105263,1,FALSE,FALSE,TRUE
144760,0.020833333333333332,0.08955223880597014,4,FALSE,TRUE,FALSE
144797,0.03614457831325301,0.05952380952380952,2,FALSE,TRUE,FALSE
144817,0.17466038258940947,0.12476572958500669,72,TRUE,FALSE,FALSE
144821,0.028268551236749116,0.10126582278481013,3,FALSE,TRUE,FALSE
144826,0.07407407407407407,0,1,FALSE,FALSE,FALSE
144869,0.112183522170933,0.1075801749271137,133,FALSE,FALSE,FALSE
144870,0.22448979591836735,0.1388888888888889,3,TRUE,FALSE,FALSE
144895,0.04018161180476731,0.08332338546018861,156,FALSE,TRUE,FALSE
144909,0.10256410256410256,0.13513513513513514,1,FALSE,FALSE,FALSE
144923,0.06711409395973154,0.09090909090909091,3,FALSE,FALSE,FALSE
144946,0.3235294117647059,0.3,1,TRUE,FALSE,TRUE
144972,0.09785932721712538,0.12025316455696203,6,FALSE,FALSE,FALSE
144973,0.0891089108910891,0.018518518518518517,1,FALSE,FALSE,FALSE
144984,0.046511627906976744,0.16666666666666666,1,FALSE,TRUE,TRUE
144985,0.08536585365853659,0.2537313432835821,2,FALSE,FALSE,TRUE
145001,0.02702702702702703,0.2028985507246377,1,FALSE,TRUE,TRUE
200000,0.18754055807916936,0.09041726618705036,352,TRUE,FALSE,FALSE
200005,0.13651748777735992,0.12188738502953712,264,FALSE,FALSE,FALSE
200008,0.09782608695652174,0.18691588785046728,2,FALSE,FALSE,TRUE
200031,0.03619909502262444,0.1324200913242009,4,FALSE,TRUE,FALSE
200059,0.08738317757009346,0.13474178403755868,43,FALSE,FALSE,FALSE
200075,0.037037037037037035,0.04918032786885246,2,FALSE,TRUE,FALSE
200095,0.04152823920265781,0.08833333333333333,12,FALSE,TRUE,FALSE
200096,0.06944444444444445,0.203125,2,FALSE,FALSE,TRUE
200116,0.037037037037037035,0.06878306878306878,13,FALSE,TRUE,FALSE
200175,0.08639596917605216,0.1484912077574354,284,FALSE,FALSE,FALSE
200188,0.09090909090909091,0.1595744680851064,2,FALSE,FALSE,FALSE
200218,0.05752212389380531,0.14215686274509803,4,FALSE,TRUE,FALSE
200221,0.05548559735558004,0.12040975779147496,230,FALSE,TRUE,FALSE
200240,0.0802675585284281,0.12084592145015106,16,FALSE,FALSE,FALSE
200247,0.08602150537634409,0.1134020618556701,7,FALSE,FALSE,FALSE
200259,0.1390728476821192,0.1282051282051282,3,TRUE,FALSE,FALSE
200265,0.14942528735632185,0.1595744680851064,1,TRUE,FALSE,FALSE
200266,0.028169014084507043,0.05263157894736842,1,FALSE,TRUE,FALSE
200267,0.12045889101338432,0.09593246354566386,48,FALSE,FALSE,FALSE
200273,0.07142857142857142,0.15625,1,FALSE,FALSE,FALSE
200277,0.06299212598425197,0.1523809523809524,2,FALSE,FALSE,FALSE
200282,0.0837301126466148,0.10535675792196594,386,FALSE,FALSE,FALSE
200303,0.06829382773996714,0.09646878198567042,80,FALSE,FALSE,FALSE
200307,0.034482758620689655,0,1,FALSE,TRUE,FALSE
200318,0.059895833333333336,0.19578313253012047,6,FALSE,FALSE,TRUE
200325,0.09165386584741424,0.12445623342175066,193,FALSE,FALSE,FALSE
200335,0.10041265474552957,0.1270949720670391,14,FALSE,FALSE,FALSE
200336,0.03225806451612903,0.16666666666666666,1,FALSE,TRUE,TRUE
200368,0,0.18181818181818182,1,FALSE,TRUE,TRUE
200374,0.11643835616438356,0.08088235294117647,3,FALSE,FALSE,FALSE
200384,0.05867237687366167,0.11688835147118097,96,FALSE,TRUE,FALSE
200390,0.09666666666666666,0.13602941176470587,6,FALSE,FALSE,FALSE
200416,0.08,0.05263157894736842,1,FALSE,FALSE,FALSE
200418,0.16216216216216217,0.08571428571428572,1,TRUE,FALSE,FALSE
200436,0.08759124087591241,0.07142857142857142,4,FALSE,FALSE,FALSE
200443,0.10121457489878542,0.18766404199475065,14,FALSE,FALSE,TRUE
200473,0.05504587155963303,0.07692307692307693,4,FALSE,TRUE,FALSE
200484,0.14553472987872107,0.27361963190184047,18,TRUE,FALSE,TRUE
200514,0.12356841470765521,0.12507516536380037,35,FALSE,FALSE,FALSE
200516,0.14732142857142858,0.1853546910755149,9,TRUE,FALSE,TRUE
200553,0.15384615384615385,0.1232876712328767,2,TRUE,FALSE,FALSE
200572,0.02857142857142857,0.11267605633802817,3,FALSE,TRUE,FALSE
200574,0.24242424242424243,0.07142857142857142,1,TRUE,FALSE,FALSE
200587,0.1064516129032258,0.1571969696969697,9,FALSE,FALSE,FALSE
200589,0.02127659574468085,0.2916666666666667,1,FALSE,TRUE,TRUE
200611,0.09319899244332494,0.09113300492610837,9,FALSE,FALSE,FALSE
200615,0.17896433990895297,0.12589755864049784,199,TRUE,FALSE,FALSE
200624,0.13807366555052197,0.10328175815511974,204,FALSE,FALSE,FALSE
200647,0.12149532710280374,0.1787878787878788,8,FALSE,FALSE,TRUE
200666,0.2,0.16129032258064516,1,TRUE,FALSE,FALSE
200670,0.15884561238854997,0.18412561841256184,98,TRUE,FALSE,TRUE
200677,0.01,0.16666666666666666,2,FALSE,TRUE,TRUE
200711,0.05333333333333334,0.14102564102564102,2,FALSE,TRUE,FALSE
202058,0.07494646680942184,0.06108597285067873,17,FALSE,FALSE,FALSE
202065,0.15789473684210525,0.16363636363636364,2,TRUE,FALSE,TRUE
202090,0.024456521739130436,0.14076246334310852,8,FALSE,TRUE,FALSE
202103,0.05747248094834886,0.07251047373509507,180,FALSE,TRUE,FALSE
202104,0.0357597623089983,0.08919341266979204,171,FALSE,TRUE,FALSE
202122,0.034482758620689655,0.05714285714285714,1,FALSE,TRUE,FALSE
202130,0.16666666666666666,0.11764705882352941,1,TRUE,FALSE,FALSE
202168,0.027777777777777776,0.20408163265306123,1,FALSE,TRUE,TRUE
202195,0.2829538932466042,0.14272727272727273,101,TRUE,FALSE,FALSE
202197,0,0.15384615384615385,1,FALSE,TRUE,FALSE
202235,0.04477611940298507,0.14285714285714285,2,FALSE,TRUE,FALSE
202260,0.11627906976744186,0.1440329218106996,5,FALSE,FALSE,FALSE
202261,0.1872791519434629,0.090625,10,TRUE,FALSE,FALSE
202320,0.2459546925566343,0.11705685618729098,8,TRUE,FALSE,FALSE
202358,0.05478260869565217,0.1444636678200692,25,FALSE,TRUE,FALSE
202359,0.07142857142857142,0.1111111111111111,1,FALSE,FALSE,FALSE
202385,0.05742625946228139,0.11458034947006589,79,FALSE,TRUE,FALSE
202398,0.13333333333333333,0,1,FALSE,FALSE,FALSE
202400,0.10552763819095477,0.06363636363636363,4,FALSE,FALSE,FALSE
205734,0.10923036233800582,0.10263852242744063,76,FALSE,FALSE,FALSE
206173,0.12309184993531695,0.10913432835820895,340,FALSE,FALSE,FALSE
206499,0.1941747572815534,0.1710914454277286,48,TRUE,FALSE,TRUE
206681,0.08999713384924048,0.1499698249849125,69,FALSE,FALSE,FALSE
206703,0.06903353057199212,0.19022687609075042,9,FALSE,FALSE,TRUE
206748,0.11528608027327071,0.10008554319931566,20,FALSE,FALSE,FALSE
206889,0.014705882352941176,0.4032258064516129,1,FALSE,TRUE,TRUE
206909,0.15166362807657247,0.15914655473941938,173,TRUE,FALSE,FALSE
207182,0.13540510543840178,0.09299655568312284,18,FALSE,FALSE,FALSE
207213,0.1016949152542373,0.08139534883720931,12,FALSE,FALSE,FALSE
207352,0.18536585365853658,0.17714285714285713,15,TRUE,FALSE,TRUE
207411,0.123046875,0.12629399585921325,10,FALSE,FALSE,FALSE
207415,0.024193548387096774,0.1346153846153846,3,FALSE,TRUE,FALSE
207494,0.008746355685131196,0.12734082397003746,6,FALSE,TRUE,FALSE
207518,0.06976545112138333,0.09575202901053359,238,FALSE,FALSE,FALSE
207531,0.03571428571428571,0.2916666666666667,1,FALSE,TRUE,TRUE
207608,0.034482758620689655,0.1545595054095827,13,FALSE,TRUE,FALSE
207663,0.038461538461538464,0.08695652173913043,1,FALSE,TRUE,FALSE
207678,0.044190665342601784,0.09137055837563451,41,FALSE,TRUE,FALSE
207680,0.05427872860635697,0.06280667320902845,41,FALSE,TRUE,FALSE
207681,0.11815561959654179,0.09239940387481371,11,FALSE,FALSE,FALSE
207686,0.104,0.11078213668887243,85,FALSE,FALSE,FALSE
207733,0.1835239456754825,0.13702084734364492,126,TRUE,FALSE,FALSE
207785,0.10687022900763359,0.06611570247933884,2,FALSE,FALSE,FALSE
207794,0.03571428571428571,0.15384615384615385,1,FALSE,TRUE,FALSE
207797,0.12,0.18518518518518517,2,FALSE,FALSE,TRUE
207799,0.03614457831325301,0.031746031746031744,2,FALSE,TRUE,FALSE
207830,0.09784688995215311,0.1377349159248269,80,FALSE,FALSE,FALSE
207834,0.04504504504504504,0.18421052631578946,3,FALSE,TRUE,TRUE
207925,0.11796021294480247,0.10513896171997902,77,FALSE,FALSE,FALSE
207985,0.1033210332103321,0.12131147540983607,5,FALSE,FALSE,FALSE
207989,0.07726135415876867,0.07397340777198266,259,FALSE,FALSE,FALSE
208004,0.10566762728146013,0.14411764705882352,20,FALSE,FALSE,FALSE
208010,0.043478260869565216,0.1,8,FALSE,TRUE,FALSE
208013,0.023346303501945526,0.14925373134328357,6,FALSE,TRUE,FALSE
208014,0.0853985264567984,0.14641241111829348,64,FALSE,FALSE,FALSE
208021,0.016666666666666666,0.2894736842105263,1,FALSE,TRUE,TRUE
208029,0.11022424933485367,0.1098363738950536,220,FALSE,FALSE,FALSE
208071,0.08205128205128205,0.08823529411764706,3,FALSE,FALSE,FALSE
208103,0.12822134387351777,0.11511857707509882,130,FALSE,FALSE,FALSE
208108,0.13157894736842105,0.14285714285714285,1,FALSE,FALSE,FALSE
208117,0.0975609756097561,0.3076923076923077,1,FALSE,FALSE,TRUE
208118,0.08045977011494253,0.08227848101265822,4,FALSE,FALSE,FALSE
208134,0.056742323097463285,0.0976123595505618,31,FALSE,TRUE,FALSE
208144,0.04938271604938271,0.12162162162162163,2,FALSE,TRUE,FALSE
208169,0.1647940074906367,0.09787234042553192,4,TRUE,FALSE,FALSE
208230,0.12607449856733524,0.11904761904761904,9,FALSE,FALSE,FALSE
208233,0.18772563176895307,0.19327731092436976,15,TRUE,FALSE,TRUE
208260,0.06724683544303797,0.1360485268630849,22,FALSE,FALSE,FALSE
208278,0.06411837237977805,0.16534541336353342,19,FALSE,FALSE,TRUE
208279,0.04020100502512563,0.15702479338842976,3,FALSE,TRUE,FALSE
208286,0.1323020087739552,0.08340767172167707,87,FALSE,FALSE,FALSE
208300,0.08695652173913043,0.17341040462427745,5,FALSE,FALSE,TRUE
208353,0.18,0.045454545454545456,1,TRUE,FALSE,FALSE
208361,0.09206349206349207,0.10382513661202186,6,FALSE,FALSE,FALSE
208363,0.048895157498824636,0.059077809798270896,42,FALSE,TRUE,FALSE
208364,0,0.07547169811320754,2,FALSE,TRUE,FALSE
208485,0.125,0.25287356321839083,3,FALSE,FALSE,TRUE
208502,0.1923968474733426,0.16296590007930215,46,TRUE,FALSE,TRUE
208597,0.13043478260869565,0.09523809523809523,1,FALSE,FALSE,FALSE
208659,0.32171581769436997,0.12661789532920653,34,TRUE,FALSE,FALSE
208819,0.01,0.05,4,FALSE,TRUE,FALSE
208843,0.10810810810810811,0.19117647058823528,1,FALSE,FALSE,TRUE
208852,0.0962566844919786,0.09615384615384616,4,FALSE,FALSE,FALSE
208859,0.09390243902439024,0.08182912154031288,18,FALSE,FALSE,FALSE
208882,0.027777777777777776,0.09142857142857143,4,FALSE,TRUE,FALSE
209070,0.18341200269723534,0.12382864792503347,29,TRUE,FALSE,FALSE
209098,0.17704081632653063,0.16120777891504606,38,TRUE,FALSE,FALSE
209113,0.14599824098504838,0.09125475285171103,18,TRUE,FALSE,FALSE
209209,0.06872037914691943,0.08788598574821853,17,FALSE,FALSE,FALSE
209259,0.047619047619047616,0.14925373134328357,2,FALSE,TRUE,FALSE
209260,0.1214759535655058,0.146,54,FALSE,FALSE,FALSE
209262,0.18387096774193548,0.1695906432748538,5,TRUE,FALSE,TRUE
209263,0.041666666666666664,0.06315789473684211,3,FALSE,TRUE,FALSE
209279,0.1588235294117647,0.09251101321585903,14,TRUE,FALSE,FALSE
209362,0.07407407407407407,0.1724137931034483,1,FALSE,FALSE,TRUE
209405,0.08737864077669903,0.03731343283582089,3,FALSE,FALSE,FALSE
209406,0.10193321616871705,0.13541666666666666,14,FALSE,FALSE,FALSE
209409,0.19831223628691982,0.1444866920152091,6,TRUE,FALSE,FALSE
209414,0.0787716955941255,0.14653528289891926,60,FALSE,FALSE,FALSE
209857,0.10144927536231885,0.16516516516516516,8,FALSE,FALSE,TRUE
209863,0.054982817869415807,0.12546125461254612,7,FALSE,TRUE,FALSE
209874,0.061855670103092786,0.09782608695652174,1,FALSE,FALSE,FALSE
209890,0.06451612903225806,0.037267080745341616,2,FALSE,FALSE,FALSE
209903,0.0125,0.13138686131386862,3,FALSE,TRUE,FALSE
209916,0.05319148936170213,0.043478260869565216,5,FALSE,TRUE,FALSE
209920,0.058823529411764705,0.20588235294117646,1,FALSE,TRUE,TRUE
209950,0.13451254627725215,0.11535369774919614,105,FALSE,FALSE,FALSE
209976,0.04556962025316456,0.08933002481389578,9,FALSE,TRUE,FALSE
209992,0.07957057151878749,0.16391883322764744,62,FALSE,FALSE,TRUE
210012,0.07051282051282051,0.02857142857142857,4,FALSE,FALSE,FALSE
210025,0.28125,0.4230769230769231,1,TRUE,FALSE,TRUE
210053,0,0.024390243902439025,1,FALSE,TRUE,FALSE
210097,0.16906927921623513,0.10700073691967575,122,TRUE,FALSE,FALSE
210136,0.14473684210526316,0.1,3,TRUE,FALSE,FALSE
210150,0.19404255319148936,0.1288445552784705,45,TRUE,FALSE,FALSE
210202,0.015625,0.1858974358974359,5,FALSE,TRUE,TRUE
210262,0.13978494623655913,0.1368421052631579,2,TRUE,FALSE,FALSE
210317,0.13368983957219252,0.08717948717948718,4,FALSE,FALSE,FALSE
210319,0.10723860589812333,0.1260053619302949,8,FALSE,FALSE,FALSE
210340,0.06707317073170732,0.22560975609756098,3,FALSE,FALSE,TRUE
210460,0.13986013986013987,0.19117647058823528,3,TRUE,FALSE,TRUE
210464,0.0375,0.08064516129032258,2,FALSE,TRUE,FALSE
210494,0.037037037037037035,0.14285714285714285,1,FALSE,TRUE,FALSE
210506,0.08496116733349024,0.15251953651306926,79,FALSE,FALSE,FALSE
210530,0.0631424375917768,0.15458937198067632,12,FALSE,FALSE,FALSE
210696,0.13580246913580246,0.09278350515463918,2,FALSE,FALSE,FALSE
210740,0.12244897959183673,0.12,1,FALSE,FALSE,FALSE
211346,0.10526315789473684,0.19642857142857142,4,FALSE,FALSE,TRUE
211415,NA,NA,1,NA,NA,NA
211451,0.023622047244094488,0.24175824175824176,2,FALSE,TRUE,TRUE
211514,0.08823529411764706,0.1839080459770115,2,FALSE,FALSE,TRUE
211663,0.09644670050761421,0.09540636042402827,17,FALSE,FALSE,FALSE
211768,0,0.10344827586206896,1,FALSE,TRUE,FALSE
211776,0.02857142857142857,0.037037037037037035,1,FALSE,TRUE,FALSE
211902,0.1650485436893204,0.13761467889908258,2,TRUE,FALSE,FALSE
212021,0.08130081300813008,0.09765625,6,FALSE,FALSE,FALSE
212044,0.13333333333333333,0.13157894736842105,7,FALSE,FALSE,FALSE
212063,0.05660377358490566,0.041666666666666664,2,FALSE,TRUE,FALSE
212082,0.08450704225352113,0.1625,2,FALSE,FALSE,FALSE
212733,0.0684931506849315,0.11475409836065574,1,FALSE,FALSE,FALSE
