tourney_name,tournament_latitude,tournament_longitude,start_date,end_date,n_match_dates,station_id,station_name,station_latitude,station_longitude,station_mindate,station_maxdate,distance_km,station_rank
ATP Rio de Janeiro,-22.9110137,-43.2093727,2020-02-17,2020-02-17,1,GHCND:BR000083743,RIO DE JANEIRO,-22.917,-43.167,1973-01-09,1988-10-31,4.390587582541711,1
ATP Rio de Janeiro,-22.9110137,-43.2093727,2020-02-17,2020-02-17,1,GHCND:BR002243025,NITEROI,-22.93,-43.1,1955-01-04,1970-12-31,11.398690465916799,2
ATP Rio de Janeiro,-22.9110137,-43.2093727,2020-02-17,2020-02-17,1,GHCND:BR002242011,"ESTACAO DE BOMB. DE IMUNANA, BR",-22.68,-42.95,1967-07-19,1999-12-31,36.97004885841455,3
ATP Rio de Janeiro,-22.9110137,-43.2093727,2020-02-17,2020-02-17,1,GHCND:BR002243009,"PETROPOLIS, BR",-22.51,-43.17,1938-05-27,1995-12-31,44.77320351799691,4
ATP Rio de Janeiro,-22.9110137,-43.2093727,2020-02-17,2020-02-17,1,GHCND:BR002243001,"ANDORINHAS, BR",-22.53,-43.05,1947-01-01,1996-08-21,45.41082815436515,5
Acapulco,16.8680495,-99.8940182,2010-02-22,2024-02-26,15,GHCND:MXM00076805,ACAPULCO GRO.,16.833,-99.933,1973-01-01,2025-11-30,5.692008190515505,1
Acapulco,16.8680495,-99.8940182,2010-02-22,2024-02-26,15,GHCND:MXN00012024,"COYUCA DE BENITEZ, MX",17.0333,-100.05,1945-06-01,1988-06-30,24.75678094379943,2
Acapulco,16.8680495,-99.8940182,2010-02-22,2024-02-26,15,GHCND:MXN00012016,"CARRERA LARGA, MX",17.0333,-100.1167,1953-03-01,2013-05-31,29.977280915388473,3
Acapulco,16.8680495,-99.8940182,2010-02-22,2024-02-26,15,GHCND:MXN00012050,"LA PAROTA CFE, MX",16.9167,-99.6167,1962-03-26,2000-12-31,29.997668623275302,4
Acapulco,16.8680495,-99.8940182,2010-02-22,2024-02-26,15,GHCND:MXN00012003,"AGUA SALADA CFE, MX",17.1667,-99.6167,1971-03-01,2000-12-31,44.40985009518812,5
Adelaide,-34.9281805,138.5999312,2020-01-13,2024-01-08,2,GHCND:ASN00023000,"ADELAIDE WEST TERRACE, AS",-34.9254,138.58690000000001,1839-01-01,2026-03-17,1.2275872361913658,1
Adelaide,-34.9281805,138.5999312,2020-01-13,2024-01-08,2,GHCND:ASN00023005,"ADELAIDE GLEN OSMOND, AS",-34.9464,138.6519,1884-01-01,2026-03-17,5.152251783800312,2
Adelaide,-34.9281805,138.5999312,2020-01-13,2024-01-08,2,GHCND:ASN00023006,"LOCKLEYS KOOYONGA GOLF CLUB, AS",-34.9333,138.5333,1931-12-01,1964-12-31,6.100888538844393,3
Adelaide,-34.9281805,138.5999312,2020-01-13,2024-01-08,2,GHCND:ASN00023002,"FULHAM PARK, AS",-34.9333,138.5167,1898-08-11,1952-10-31,7.608895494647227,4
Adelaide,-34.9281805,138.5999312,2020-01-13,2024-01-08,2,GHCND:ASN00023008,"MAGILL POST OFFICE, AS",-34.9167,138.6833,1891-11-01,1968-02-29,7.707338788101812,5
Adelaide 1,-34.9281805,138.5999312,2022-01-03,2023-01-02,2,GHCND:ASN00023000,"ADELAIDE WEST TERRACE, AS",-34.9254,138.58690000000001,1839-01-01,2026-03-17,1.2275872361913658,1
Adelaide 1,-34.9281805,138.5999312,2022-01-03,2023-01-02,2,GHCND:ASN00023005,"ADELAIDE GLEN OSMOND, AS",-34.9464,138.6519,1884-01-01,2026-03-17,5.152251783800312,2
Adelaide 1,-34.9281805,138.5999312,2022-01-03,2023-01-02,2,GHCND:ASN00023006,"LOCKLEYS KOOYONGA GOLF CLUB, AS",-34.9333,138.5333,1931-12-01,1964-12-31,6.100888538844393,3
Adelaide 1,-34.9281805,138.5999312,2022-01-03,2023-01-02,2,GHCND:ASN00023002,"FULHAM PARK, AS",-34.9333,138.5167,1898-08-11,1952-10-31,7.608895494647227,4
Adelaide 1,-34.9281805,138.5999312,2022-01-03,2023-01-02,2,GHCND:ASN00023008,"MAGILL POST OFFICE, AS",-34.9167,138.6833,1891-11-01,1968-02-29,7.707338788101812,5
Adelaide 2,-34.9281805,138.5999312,2022-01-10,2023-01-09,2,GHCND:ASN00023000,"ADELAIDE WEST TERRACE, AS",-34.9254,138.58690000000001,1839-01-01,2026-03-17,1.2275872361913658,1
Adelaide 2,-34.9281805,138.5999312,2022-01-10,2023-01-09,2,GHCND:ASN00023005,"ADELAIDE GLEN OSMOND, AS",-34.9464,138.6519,1884-01-01,2026-03-17,5.152251783800312,2
Adelaide 2,-34.9281805,138.5999312,2022-01-10,2023-01-09,2,GHCND:ASN00023006,"LOCKLEYS KOOYONGA GOLF CLUB, AS",-34.9333,138.5333,1931-12-01,1964-12-31,6.100888538844393,3
Adelaide 2,-34.9281805,138.5999312,2022-01-10,2023-01-09,2,GHCND:ASN00023002,"FULHAM PARK, AS",-34.9333,138.5167,1898-08-11,1952-10-31,7.608895494647227,4
Adelaide 2,-34.9281805,138.5999312,2022-01-10,2023-01-09,2,GHCND:ASN00023008,"MAGILL POST OFFICE, AS",-34.9167,138.6833,1891-11-01,1968-02-29,7.707338788101812,5
Almaty,43.2363924,76.9457275,2024-10-14,2024-10-14,1,GHCND:KZ000036870,"ALMATY, KZ",43.2331,76.9331,1915-05-01,2026-02-28,1.0865079071605532,1
Almaty,43.2363924,76.9457275,2024-10-14,2024-10-14,1,GHCND:KZ000036880,"ALATIY AMC, KZ",43.2,77,1966-01-02,2026-02-22,5.976352246624709,2
Almaty,43.2363924,76.9457275,2024-10-14,2024-10-14,1,GHCND:KZ000036884,"ALMA ATA MEDEO, KZ",43.2,77,1959-01-01,1963-11-25,5.976352246624709,3
Almaty,43.2363924,76.9457275,2024-10-14,2024-10-14,1,GHCND:KZ000036879,"BOL SOE ALMAATINSKOE OZERO, KZ",43.1,76.9,1936-01-01,2026-02-28,15.612968676343947,4
Almaty,43.2363924,76.9457275,2024-10-14,2024-10-14,1,GHCND:KZ000036887,"VERCNIY GOREL NIK, KZ",43.1,77.1,1937-01-01,1991-12-31,19.66084009919222,5
Antalya,36.8865728,30.7030242,2017-06-26,2021-01-05,4,GHCND:TUM00017300,"ANTALYA, TU",36.899,30.8,1951-01-01,2025-08-24,8.733994066868107,1
Antwerp,51.2211097,4.3997081,2016-10-17,2024-10-14,9,GHCND:NLE00102061,"KAPELLEBRUG, NL",51.25,4.0667,1957-12-31,2026-02-10,23.405962650238674,1
Antwerp,51.2211097,4.3997081,2016-10-17,2024-10-14,9,GHCND:NLE00102073,"HOOGERHEIDE, NL",51.4331,4.3167,1950-12-31,2026-02-10,24.267594117367427,2
Antwerp,51.2211097,4.3997081,2016-10-17,2024-10-14,9,GHCND:NLE00102063,"ZUNDERT, NL",51.4667,4.6667,1950-12-31,2026-02-10,33.00976896330553,3
Antwerp,51.2211097,4.3997081,2016-10-17,2024-10-14,9,GHCND:NLE00100508,"AXEL, NL",51.2831,3.9167,1904-12-31,1995-12-31,34.314964309291334,4
Antwerp,51.2211097,4.3997081,2016-10-17,2024-10-14,9,GHCND:NLE00102055,"THOLEN 1, NL",51.5331,4.2167,1950-12-31,2026-02-10,36.94395901717754,5
Astana,51.1282205,71.4306682,2022-10-03,2023-09-25,2,GHCND:KZ000035188,"ASTANA, KZ",51.1331,71.3667,1881-01-01,2025-08-24,4.496555012188869,1
Atlanta,33.7544657,-84.3898151,2010-07-19,2024-07-22,14,GHCND:US1GACB0005,"SMYRNA 3.0 SSE, GA US",33.827424,-84.498794,2008-05-29,2012-05-31,12.931983337492774,1
Atlanta,33.7544657,-84.3898151,2010-07-19,2024-07-22,14,GHCND:US1GACB0007,"SMYRNA 0.4 NW, GA US",33.871374,-84.522075,2008-07-01,2008-11-15,17.840879912188633,2
Atlanta,33.7544657,-84.3898151,2010-07-19,2024-07-22,14,GHCND:US1GACB0002,"SMYRNA 2.3 NE, GA US",33.893904,-84.493773,1998-06-17,2026-03-05,18.237864575594003,3
Atlanta,33.7544657,-84.3898151,2010-07-19,2024-07-22,14,GHCND:US1GACB0004,"SANDY SPRINGS 3.2 WNW, GA US",33.951184,-84.421928,2008-05-05,2026-03-22,22.074171646695888,4
Atlanta,33.7544657,-84.3898151,2010-07-19,2024-07-22,14,GHCND:US1GACB0014,"MARIETTA 5.2 SW, GA US",33.890655,-84.594579,2009-04-20,2019-01-13,24.230584685315783,5
Atp Cup,-33.8698439,151.2082848,2020-01-06,2022-01-03,3,GHCND:ASN00061248,"KINCUMBER, AS",-33.4667,151.4,1967-06-01,1975-09-30,48.21082090430406,1
Atp Cup,-33.8698439,151.2082848,2020-01-06,2022-01-03,3,GHCND:ASN00061003,"AVOCA BEACH, AS",-33.4667,151.4333,1934-03-01,1970-12-31,49.42801998833473,2
Atp Cup,-33.8698439,151.2082848,2020-01-06,2022-01-03,3,GHCND:ASN00061023,GOSFORD GERTRUDE PLACE,-33.4336,151.3381,1877-05-01,1993-08-31,49.97414412641772,3
Atp Cup,-33.8698439,151.2082848,2020-01-06,2022-01-03,3,GHCND:ASN00061216,"LOWER MANGROVE POPRAN RD, AS",-33.4176,151.159,1998-11-02,2023-05-31,50.49375542540778,4
Atp Cup,-33.8698439,151.2082848,2020-01-06,2022-01-03,3,GHCND:ASN00061108,"GOSFORD STATE NURSERY, AS",-33.4,151.3,1901-08-01,1946-07-31,52.92973741198997,5
Auckland,-36.852095,174.7631803,2010-01-11,2024-01-08,13,GHCND:NZM00093110,"AUCKLAND AERO AWS, NZ",-37,174.8,1994-08-02,2026-02-28,16.76878987861359,1
Australian Open,-37.8142454,144.9631732,2010-01-18,2024-01-15,15,GHCND:ASN00086013,"BURNLEY, AS",-37.8,145,1893-02-01,1969-12-31,3.6022916594978427,1
Australian Open,-37.8142454,144.9631732,2010-01-18,2024-01-15,15,GHCND:ASN00086002,"BALWYN NORTH, AS",-37.8,145.05,1922-01-01,1969-07-31,7.790704990275234,2
Australian Open,-37.8142454,144.9631732,2010-01-18,2024-01-15,15,GHCND:ASN00086012,"BOX HILL AGED MENS RETREAT, AS",-37.8364,145.1364,1920-07-01,1994-12-31,15.41284396061528,3
Australian Open,-37.8142454,144.9631732,2010-01-18,2024-01-15,15,GHCND:ASN00086006,"BENTLEIGH, AS",-37.9279,145.0749,1937-10-01,2006-11-30,15.996610105042018,4
Australian Open,-37.8142454,144.9631732,2010-01-18,2024-01-15,15,GHCND:ASN00086011,"BOX HILL SOUTH, AS",-37.8333,145.15,1950-01-01,1968-11-30,16.545765948662716,5
Bangkok,13.7524938,100.4935089,2010-09-27,2013-09-23,4,GHCND:TH000048455,"BANGKOK METROPOLIS, TH",13.733,100.567,1951-01-01,2026-02-28,8.228530949050478,1
Bangkok,13.7524938,100.4935089,2010-09-27,2013-09-23,4,GHCND:THM00048453,"BANG NA AGROMET, TH",13.667,100.617,2007-12-28,2026-02-28,16.381029362032493,2
Bangkok,13.7524938,100.4935089,2010-09-27,2013-09-23,4,GHCND:TH000048456,"DON MUANG, TH",13.917,100.6,1943-01-01,2025-08-24,21.60566341747192,3
Bangkok,13.7524938,100.4935089,2010-09-27,2013-09-23,4,GHCND:THW00041001,"DON MUANG, TH",13.91667,100.61667,1964-01-01,1967-12-31,22.585207021800564,4
Bangkok,13.7524938,100.4935089,2010-09-27,2013-09-23,4,GHCND:TH000048459,"CHON BURI, TH",13.367,100.983,1951-01-01,2025-08-24,68.09586416761816,5
Banja Luka,44.7720845,17.1917651,2023-04-17,2023-04-17,1,GHCND:BKM00014542,"BANJA LUKA, BK",44.783,17.217,2001-07-05,2026-02-28,2.3324991942532884,1
Barcelona,41.3825802,2.177073,2010-04-19,2024-04-15,14,GHCND:SPE00155991,"BARCELONA EL RAVAL, SP",41.3839,2.1675,2008-01-01,2025-12-31,0.8120469311979523,1
Barcelona,41.3825802,2.177073,2010-04-19,2024-04-15,14,GHCND:SPE00155259,"BARCELONA FABRA OBSERVATORY, SP",41.4181,2.1239,1913-08-06,2014-01-31,5.938792752446676,2
Barcelona,41.3825802,2.177073,2010-04-19,2024-04-15,14,GHCND:SPE00156000,"BARCELONA ZONA UNIVERSITARIA, SP",41.3792,2.1053,2008-04-18,2025-12-31,6.0000254774551065,3
Barcelona,41.3825802,2.177073,2010-04-19,2024-04-15,14,GHCND:SPE00156171,"EL PRAT DE LLOBREGAT, SP",41.3403,2.0803,2011-03-23,2025-12-31,9.34516910837388,4
Barcelona,41.3825802,2.177073,2010-04-19,2024-04-15,14,GHCND:SP000008181,"BARCELONA AEROPUERTO, SP",41.2928,2.0697,1924-03-01,2026-02-26,13.417260122422533,5
Basel,47.5581077,7.5878261,2010-11-01,2024-10-21,13,GHCND:FRM00007299,"BALE MULHOUSE, FR",47.59,7.53,1973-01-01,2025-08-24,5.602971365317248,1
Basel,47.5581077,7.5878261,2010-11-01,2024-10-21,13,GHCND:GME00121594,"EIMELDINGEN, GM",47.6294,7.5967,1976-02-01,1999-09-30,7.955221969048836,2
Basel,47.5581077,7.5878261,2010-11-01,2024-10-21,13,GHCND:FRE00106192,"BASEL MULHOUSE, FR",47.6142,7.51,1947-01-01,2026-02-28,8.542330651970977,3
Basel,47.5581077,7.5878261,2010-11-01,2024-10-21,13,GHCND:GME00127786,"RHEINFELDEN, GM",47.5633,7.7942,1953-09-01,2026-02-28,15.496083046237453,4
Basel,47.5581077,7.5878261,2010-11-01,2024-10-21,13,GHCND:GME00122530,"MALSBURG MARZELL FRIEDRICHSHEI, GM",47.7828,7.7356,1958-01-01,2003-12-31,27.32519222880683,5
Bastad,56.4268963,12.8608789,2010-07-12,2024-07-15,14,GHCND:SWE00135292,"HUNNESTORP V, SW",56.39,12.94,1996-03-01,2016-01-11,6.365952801362764,1
Bastad,56.4268963,12.8608789,2010-07-12,2024-07-15,14,GHCND:SWE00137644,HELSINGBORG,56.04,12.69,1941-01-01,1995-07-31,44.298162240566846,2
Bastad,56.4268963,12.8608789,2010-07-12,2024-07-15,14,GHCND:SWE00137636,"HELSINGBORG A, SW",56.03,12.77,1995-08-01,2026-02-28,44.48890330455299,3
Bastad,56.4268963,12.8608789,2010-07-12,2024-07-15,14,GHCND:SWE00137634,"HELSINGBORG 2, SW",56.03,12.74,1992-01-01,2021-03-31,44.76084560160451,4
Bastad,56.4268963,12.8608789,2010-07-12,2024-07-15,14,GHCND:SWE00137654,"KOLLEBERGA, SW",56.07,13.27,1945-01-01,1970-06-30,47.050167601968916,5
Beijing,39.9057136,116.3912972,2010-10-04,2024-09-26,12,GHCND:CHM00054511,"BEIJING, CH",39.933,116.283,1945-10-31,2025-08-24,9.721284913476065,1
Belgrade,44.8153318,20.4456588,2010-05-03,2024-11-04,6,GHCND:RIE00100818,"BELGRADE OBSERVATORY, RB",44.8,20.4667,1935-12-31,2026-02-28,2.3794579292121596,1
Belgrade 2,44.8153318,20.4456588,2021-05-24,2021-05-24,1,GHCND:RIE00100818,"BELGRADE OBSERVATORY, RB",44.8,20.4667,1935-12-31,2026-02-28,2.3794579292121596,1
Bogota,4.6533817,-74.0836331,2013-07-15,2015-07-20,3,GHCND:CO000080222,"BOGOTA ELDORADO, CO",4.701,-74.15,1941-03-02,2025-08-24,9.062749055263208,1
Bogota,4.6533817,-74.0836331,2013-07-15,2015-07-20,3,GHCND:COM00080234,"VANGUARDIA, CO",4.168,-73.614,1964-09-17,2025-08-24,74.99228978907611,2
Brisbane,-27.365991,152.948963,2010-01-03,2024-01-01,11,GHCND:ASN00040041,"CAMP MOUNTAIN DAVISON ROAD, AS",-27.3961,152.8664,1926-01-01,2007-04-30,8.812776070726208,1
Brisbane,-27.365991,152.948963,2010-01-03,2024-01-01,11,GHCND:ASN00040008,"BANKS CREEK, AS",-27.4167,152.7,1919-11-01,1954-10-31,25.218141000080287,2
Brisbane,-27.365991,152.948963,2010-01-03,2024-01-01,11,GHCND:ASN00040035,"BURPENGARY ULMANN RD, AS",-27.1414,153.0089,1898-09-01,2000-03-31,25.6665773313163,3
Brisbane,-27.365991,152.948963,2010-01-03,2024-01-01,11,GHCND:ASN00040038,"CABOOLTURE POST OFFICE, AS",-27.085,152.9517,1873-09-01,1999-09-17,31.245945595914556,4
Brisbane,-27.365991,152.948963,2010-01-03,2024-01-01,11,GHCND:ASN00040047,"CLEVELAND BOWLS CLUB, AS",-27.5253,153.2756,1873-09-01,2002-10-31,36.77945328754171,5
Bucharest,44.4361414,26.102684,2010-09-20,2024-04-15,8,GHCND:ROE00100899,"BUCURESTI FILARET, RO",44.4167,26.1,1895-01-01,2025-12-31,2.1722664573051262,1
Bucharest,44.4361414,26.102684,2010-09-20,2024-04-15,8,GHCND:ROE00108889,"BUCURESTI BANEASA, RO",44.5167,26.0831,1929-01-01,2025-12-31,9.091474979208943,2
Budapest,47.4813896,19.1457723,2017-04-24,2019-04-22,3,GHCND:HUM00012843,"BUDAPEST PESTSZENTLORINC, HU",47.433,19.183,1973-01-01,2024-05-02,6.065110844596714,1
Budapest,47.4813896,19.1457723,2017-04-24,2019-04-22,3,GHCND:HUE00100247,"BUDAPEST, HU",47.5108,19.0206,1901-01-01,2026-02-28,9.956326246858929,2
Buenos Aires,-34.6095579,-58.3887904,2010-02-15,2024-02-12,15,GHCND:ARM00087582,"AEROPARQUE JORGE NEWBERY, AR",-34.559,-58.416,1973-01-01,2025-08-24,6.1489146897387155,1
Buenos Aires,-34.6095579,-58.3887904,2010-02-15,2024-02-12,15,GHCND:AR000875850,"BUENOS AIRES OBSERV, AR",-34.583,-58.483,1908-09-02,2025-08-24,9.114899411876491,2
Buenos Aires,-34.6095579,-58.3887904,2010-02-15,2024-02-12,15,GHCND:ARM00087576,"MINISTRO PISTARINI, AR",-34.822,-58.536,1957-07-01,2025-08-24,27.185663278330942,3
Buenos Aires,-34.6095579,-58.3887904,2010-02-15,2024-02-12,15,GHCND:ARM00087593,"LA PLATA, AR",-34.972,-57.895,1973-01-01,2025-08-24,60.47714493287399,4
Cagliari,39.2171994,9.113311,2021-04-05,2021-04-05,1,GHCND:IT000016560,CAGLIARI,39.2331,9.05,1943-11-01,2025-08-24,5.732996520742724,1
Cagliari,39.2171994,9.113311,2021-04-05,2021-04-05,1,GHCND:ITM00016546,"DECIMOMANNU, IT",39.354,8.972,1966-09-23,2025-08-24,19.47568692518179,2
Canada Masters,43.6534817,-79.3839347,2010-08-09,2024-08-05,14,GHCND:CA006118849,"TOTTENHAM PEARSON, CA",44.0167,-79.8,1973-09-01,1978-05-16,52.39157536819877,1
Canada Masters,43.6534817,-79.3839347,2010-08-09,2024-08-05,14,GHCND:CA006133047,"GRIMSBY, CA",43.2,-79.5667,1910-01-01,1985-08-31,52.54047059410561,2
Canada Masters,43.6534817,-79.3839347,2010-08-09,2024-08-05,14,GHCND:CA006118848,"TOTTENHAM, CA",44.0333,-79.8167,1971-09-01,1979-11-30,54.66482387672722,3
Canada Masters,43.6534817,-79.3839347,2010-08-09,2024-08-05,14,GHCND:CA006110859,"BRADFORD BROWN, CA",44.15,-79.5667,1972-05-23,1976-04-30,57.119103780379355,4
Canada Masters,43.6534817,-79.3839347,2010-08-09,2024-08-05,14,GHCND:CA006110663,"BEETON GRAHAM, CA",44.0833,-79.7833,1971-09-01,1984-12-31,57.52526079201011,5
Casablanca,33.5945144,-7.6200284,2010-04-05,2015-04-06,6,GHCND:MOM00060155,"ANFA, MO",33.557,-7.66,1957-01-04,2025-08-24,5.57794141311723,1
Casablanca,33.5945144,-7.6200284,2010-04-05,2015-04-06,6,GHCND:MO000060156,"NOUASSEUR, MO",33.367,-7.583,1942-11-21,2025-08-24,25.530471513886436,2
Casablanca,33.5945144,-7.6200284,2010-04-05,2015-04-06,6,GHCND:MOW00013019,"NOUASSEUR, MO",33.36667,-7.58333,1951-10-01,1963-09-30,25.562740692003317,3
Chengdu,30.659867,104.063315,2016-09-26,2024-09-18,6,GHCND:CHM00056294,"CHENGDU, CH",30.667,104.017,1951-01-01,2025-08-24,4.500355269040945,1
Chengdu,30.659867,104.063315,2016-09-26,2024-09-18,6,GHCND:CHM00056187,"WENJIANG, CH",30.75,103.867,2004-01-01,2026-02-28,21.27723147660762,2
Chennai,13.0836939,80.270186,2010-01-04,2017-01-02,8,GHCND:IN020040500,"ATHIPETTU, IN",13.27,80.28,1901-01-01,1965-12-31,20.743523821674323,1
Chennai,13.0836939,80.270186,2010-01-04,2017-01-02,8,GHCND:IN020040600,"PONNERI, IN",13.32,80.2,1901-01-01,1970-12-31,27.352528829832323,2
Chennai,13.0836939,80.270186,2010-01-04,2017-01-02,8,GHCND:IN020040101,"COVELONG, IN",12.78,80.25,1901-01-01,1970-12-31,33.840007210503344,3
Chennai,13.0836939,80.270186,2010-01-04,2017-01-02,8,GHCND:IN020040201,"SRIPERUMBUDUR, IN",12.97,79.97,1901-01-01,1970-12-31,34.891020902945115,4
Chennai,13.0836939,80.270186,2010-01-04,2017-01-02,8,GHCND:IN020040300,"TIRUVALLUR, IN",13.13,79.92,1901-01-01,1970-12-31,38.27244358840457,5
Cincinnati Masters,39.1014537,-84.5124602,2010-08-15,2024-08-12,15,GHCND:US1INDR0010,"K9GPS LAWRENCEBURG 0.7 NW, IN US",39.10644,-84.8794,2012-01-15,2021-05-10,31.667184538319518,1
Cincinnati Masters,39.1014537,-84.5124602,2010-08-15,2024-08-12,15,GHCND:US1INDR0012,"KA9OOO BRIGHT 2.4 N, IN US",39.2367,-84.8619,2012-01-16,2026-03-27,33.66960246868691,2
Cincinnati Masters,39.1014537,-84.5124602,2010-08-15,2024-08-12,15,GHCND:US1INOH0001,"AURORA 3.6 SSE, IN US",39.01535,-84.887306,2006-08-09,2026-03-27,33.751830246344184,3
Cincinnati Masters,39.1014537,-84.5124602,2010-08-15,2024-08-12,15,GHCND:US1INDR0005,"LAWRENCEBURG 2.9 NW, IN US",39.125966,-84.912158,2009-02-16,2012-04-20,34.59170541455296,4
Cincinnati Masters,39.1014537,-84.5124602,2010-08-15,2024-08-12,15,GHCND:US1INDR0006,"LAWRENCEBURG 5.6 NNW, IN US",39.179455,-84.903205,2009-02-18,2010-12-02,34.7971922219209,5
Cologne 1,50.938361,6.959974,2020-10-12,2020-10-12,1,GHCND:GME00121042,"KOLN BONN, GM",50.8658,7.1583,1931-01-01,2026-02-28,16.078547436933736,1
Cologne 1,50.938361,6.959974,2020-10-12,2020-10-12,1,GHCND:GME00121678,"ELSDORF ERFTKREIS, GM",50.9292,6.5653,1947-07-01,2006-12-31,27.67631381467881,2
Cologne 1,50.938361,6.959974,2020-10-12,2020-10-12,1,GHCND:GME00122002,"WEILERSWIST LOMMERSUM, GM",50.7131,6.7917,1905-01-01,2026-02-28,27.69650498027456,3
Cologne 1,50.938361,6.959974,2020-10-12,2020-10-12,1,GHCND:GME00121438,"DUSSELDORF SUDFRIEDHOF, GM",51.2008,6.7581,1935-01-01,1996-07-31,32.41207105630272,4
Cologne 1,50.938361,6.959974,2020-10-12,2020-10-12,1,GHCND:GME00121774,"ENGELSKIRCHEN, GM",50.9894,7.4256,1951-01-01,1996-09-30,33.09870507388336,5
Cologne 2,50.938361,6.959974,2020-10-19,2020-10-19,1,GHCND:GME00121042,"KOLN BONN, GM",50.8658,7.1583,1931-01-01,2026-02-28,16.078547436933736,1
Cologne 2,50.938361,6.959974,2020-10-19,2020-10-19,1,GHCND:GME00121678,"ELSDORF ERFTKREIS, GM",50.9292,6.5653,1947-07-01,2006-12-31,27.67631381467881,2
Cologne 2,50.938361,6.959974,2020-10-19,2020-10-19,1,GHCND:GME00122002,"WEILERSWIST LOMMERSUM, GM",50.7131,6.7917,1905-01-01,2026-02-28,27.69650498027456,3
Cologne 2,50.938361,6.959974,2020-10-19,2020-10-19,1,GHCND:GME00121438,"DUSSELDORF SUDFRIEDHOF, GM",51.2008,6.7581,1935-01-01,1996-07-31,32.41207105630272,4
Cologne 2,50.938361,6.959974,2020-10-19,2020-10-19,1,GHCND:GME00121774,"ENGELSKIRCHEN, GM",50.9894,7.4256,1951-01-01,1996-09-30,33.09870507388336,5
Cordoba,-31.4166867,-64.1834193,2019-02-04,2024-02-05,6,GHCND:ARM00087345,"CORDOBA OBSERVATORIO, AR",-31.4,-64.183,2009-06-15,2025-12-11,1.85590302663023,1
Cordoba,-31.4166867,-64.1834193,2019-02-04,2024-02-05,6,GHCND:AR000087344,"CORDOBA AERO, AR",-31.317,-64.217,1956-02-02,2025-08-24,11.534069143618307,2
Cordoba,-31.4166867,-64.1834193,2019-02-04,2024-02-05,6,GHCND:ARM00087349,"PILAR OBSERVATORIO, AR",-31.667,-63.883,1973-02-13,2025-08-24,39.81497869491615,3
Costa Do Sauipe,-12.4391251,-37.9233062,2010-02-08,2011-02-07,2,GHCND:BR001238000,"TIRIRICA, BR",-12.57,-38.06,1962-07-01,1999-12-31,20.784074175188888,1
Costa Do Sauipe,-12.4391251,-37.9233062,2010-02-08,2011-02-07,2,GHCND:BR048435890,"ITANAGRA CIPO DO ACU, BR",-12.26,-38.04,1964-01-01,1983-12-31,23.609051056680787,2
Costa Do Sauipe,-12.4391251,-37.9233062,2010-02-08,2011-02-07,2,GHCND:BR001238046,"EMBOACICA, BR",-12.6,-38.14,1961-04-25,1999-12-31,29.55158770525323,3
Costa Do Sauipe,-12.4391251,-37.9233062,2010-02-08,2011-02-07,2,GHCND:BR001237001,"CAMBUIS, BR",-12.13,-37.97,1963-10-01,1995-10-26,34.74551098353414,4
Costa Do Sauipe,-12.4391251,-37.9233062,2010-02-08,2011-02-07,2,GHCND:BR001238010,"ARACAS, BR",-12.21,-38.2,1963-04-06,1999-12-31,39.40280676093758,5
Dallas,32.7762719,-96.7968559,2022-02-07,2024-02-05,3,GHCND:US1TXCLL019,"PLANO 2.5 WSW, TX US",33.0275,-96.7846,2008-06-01,2014-10-23,27.958713041189743,1
Dallas,32.7762719,-96.7968559,2022-02-07,2024-02-05,3,GHCND:US1TXCLL008,"PLANO 2.4 WSW, TX US",33.028,-96.783,2007-06-24,2026-03-27,28.020762340835848,2
Dallas,32.7762719,-96.7968559,2022-02-07,2024-02-05,3,GHCND:US1TXCLL007,"PLANO 1.8 SE, TX US",33.030606,-96.721058,2007-03-01,2009-04-03,29.15253089807246,3
Dallas,32.7762719,-96.7968559,2022-02-07,2024-02-05,3,GHCND:US1TXCLL018,"PLANO 5.3 W, TX US",33.053943,-96.837117,2008-07-25,2018-05-30,31.103500165757445,4
Dallas,32.7762719,-96.7968559,2022-02-07,2024-02-05,3,GHCND:US1TXCLL014,"PLANO 4.6 NW, TX US",33.084936,-96.714702,2008-01-17,2017-04-22,35.16787775185382,5
Delray Beach,26.4614625,-80.0728201,2010-02-22,2024-02-12,15,GHCND:US1FLBW0007,"POMPANO BEACH HIGHLANDS 0.7 E, FL US",26.286,-80.103,2007-10-09,2026-03-26,19.740834651489642,1
Delray Beach,26.4614625,-80.0728201,2010-02-22,2024-02-12,15,GHCND:US1FLBW0019,"PARKLAND 2.1 E, FL US",26.320261,-80.204231,2008-08-03,2012-12-06,20.44137021768143,2
Delray Beach,26.4614625,-80.0728201,2010-02-22,2024-02-12,15,GHCND:US1FLBW0009,"CORAL SPRINGS 1.1 NW, FL US",26.28095,-80.27119,2007-10-28,2013-10-29,28.167990377530113,3
Delray Beach,26.4614625,-80.0728201,2010-02-22,2024-02-12,15,GHCND:US1FLBW0008,"OAKLAND PARK 0.5 NNW, FL US",26.1816,-80.15699,2007-10-13,2012-08-28,32.2301652082533,4
Delray Beach,26.4614625,-80.0728201,2010-02-22,2024-02-12,15,GHCND:US1FLBW0016,"FORT LAUDERDALE 1.9 SSW, FL US",26.11786,-80.152112,2008-05-08,2022-07-19,39.016032981307696,5
Doha,25.3108807,51.5081812,2010-01-04,2024-02-19,15,GHCND:QAM00041170,"DOHA INTERNATIONAL, QA",25.261,51.565,1983-01-01,2025-08-24,7.962254292546321,1
Dubai,25.0742823,55.1885387,2010-02-22,2024-02-26,15,GHCND:AEM00041194,"DUBAI INTERNATIONAL, AE",25.255,55.364,1983-01-01,2025-08-24,26.7513120438544,1
Dubai,25.0742823,55.1885387,2010-02-22,2024-02-26,15,GHCND:AE000041196,"SHARJAH INTER. AIRP, AE",25.333,55.517,1944-03-20,2025-08-24,43.8138362414406,2
Dusseldorf,51.2254018,6.7763137,2010-05-16,2014-05-18,5,GHCND:GME00121438,"DUSSELDORF SUDFRIEDHOF, GM",51.2008,6.7581,1935-01-01,1996-07-31,3.0154659331866243,1
Dusseldorf,51.2254018,6.7763137,2010-05-16,2014-05-18,5,GHCND:GME00102268,"DUSSELDORF, GM",51.2969,6.77,1937-06-02,2026-02-28,7.962366190436287,2
Dusseldorf,51.2254018,6.7763137,2010-05-16,2014-05-18,5,GHCND:GME00121450,"DUISBURG FRIEMERSHEIM, GM",51.3953,6.7031,1994-05-01,2007-05-31,19.565225800250442,3
Dusseldorf,51.2254018,6.7763137,2010-05-16,2014-05-18,5,GHCND:GME00121978,"ESSEN BREDENEY, GM",51.4056,6.9683,1935-01-01,2026-02-28,24.07330661229231,4
Dusseldorf,51.2254018,6.7763137,2010-05-16,2014-05-18,5,GHCND:GME00121462,"DUISBURG LAAR, GM",51.4644,6.7328,1951-01-01,1993-12-31,26.746687653977784,5
Eastbourne,50.7664372,0.2781546,2010-06-13,2024-06-24,12,GHCND:UKE00105920,EASTBOURNE,50.7589,0.285,1910-12-31,2024-12-24,0.9665509270398096,1
Eastbourne,50.7664372,0.2781546,2010-06-13,2024-06-24,12,GHCND:UKE00105921,"HASTINGS, UK",50.855,0.5717,1959-12-31,2026-02-28,22.855525618189127,2
Eastbourne,50.7664372,0.2781546,2010-06-13,2024-06-24,12,GHCND:UKE00105919,BOGNOR REGIS,50.7808,0.6758,1959-12-31,2026-02-26,28.007215559624996,3
Eastbourne,50.7664372,0.2781546,2010-06-13,2024-06-24,12,GHCND:UKE00105657,"GOUDHURST, UK",51.08,0.46,2000-12-31,2026-02-28,37.12330303934753,4
Estoril,38.7095707,-9.3901368,2010-05-03,2024-04-01,14,GHCND:PO000008535,"LISBOA GEOFISICA, PO",38.7167,-9.15,1900-12-31,2025-05-18,20.85028966903345,1
Florence,43.7697955,11.2556404,2022-10-10,2022-10-10,1,GHCND:ITE00155366,"PREDAZZO, IT",43.31,11.6,1895-10-01,1913-12-31,58.175562485713776,1
Geneva,46.2017559,6.1466014,2015-05-17,2024-05-20,9,GHCND:SZ000008390,"GENEVE OBSERVATOIRE, SZ",46.2,6.15,1901-01-01,1966-11-30,0.32639843980726124,1
Geneva,46.2017559,6.1466014,2015-05-17,2024-05-20,9,GHCND:SZ000008440,"GENEVE COINTRIN, SZ",46.25,6.1331,1955-01-01,2026-02-28,5.464116993280295,2
Gijon,43.5449422,-5.66275,2022-10-10,2022-10-10,1,GHCND:SPE00119801,"GIJON LA MERCED, SP",43.5381,-5.6417,1938-10-01,2001-03-05,1.8594550309019777,1
Gijon,43.5449422,-5.66275,2022-10-10,2022-10-10,1,GHCND:SPE00119819,"GIJON MUSEL, SP",43.5606,-5.6983,1973-01-01,2026-02-26,3.35244243695888,2
Gijon,43.5449422,-5.66275,2022-10-10,2022-10-10,1,GHCND:SPE00119828,"OVIEDO, SP",43.3542,-5.8728,1972-12-01,2024-09-30,27.15441397580109,3
Gijon,43.5449422,-5.66275,2022-10-10,2022-10-10,1,GHCND:SPE00119792,"ASTURIAS AVILES, SP",43.5667,-6.0442,1968-08-01,2026-02-26,30.83355154152371,4
Great Ocean Road Open,-37.8142454,144.9631732,2021-02-01,2021-02-01,1,GHCND:ASN00086013,"BURNLEY, AS",-37.8,145,1893-02-01,1969-12-31,3.6022916594978427,1
Great Ocean Road Open,-37.8142454,144.9631732,2021-02-01,2021-02-01,1,GHCND:ASN00086002,"BALWYN NORTH, AS",-37.8,145.05,1922-01-01,1969-07-31,7.790704990275234,2
Great Ocean Road Open,-37.8142454,144.9631732,2021-02-01,2021-02-01,1,GHCND:ASN00086012,"BOX HILL AGED MENS RETREAT, AS",-37.8364,145.1364,1920-07-01,1994-12-31,15.41284396061528,3
Great Ocean Road Open,-37.8142454,144.9631732,2021-02-01,2021-02-01,1,GHCND:ASN00086006,"BENTLEIGH, AS",-37.9279,145.0749,1937-10-01,2006-11-30,15.996610105042018,4
Great Ocean Road Open,-37.8142454,144.9631732,2021-02-01,2021-02-01,1,GHCND:ASN00086011,"BOX HILL SOUTH, AS",-37.8333,145.15,1950-01-01,1968-11-30,16.545765948662716,5
Gstaad,46.4721619,7.288748,2010-07-25,2024-07-15,14,GHCND:SZE00105086,"SION 2, SZ",46.2167,7.3331,1901-01-01,2026-02-28,28.60935152492373,1
Gstaad,46.4721619,7.288748,2010-07-25,2024-07-15,14,GHCND:SZE00116090,"PAYERNE, SZ",46.8167,6.95,1964-08-01,2026-02-28,46.22141911054646,2
Halle,51.4824354,11.9712985,2010-06-07,2024-06-17,14,GHCND:GM000003218,"HALLE, GM",51.5144,11.9506,1900-01-01,2015-03-22,3.8322318839400515,1
Halle,51.4824354,11.9712985,2010-06-07,2024-06-17,14,GHCND:GME00125074,"BAD LAUCHSTADT, GM",51.3925,11.88,1890-09-01,2026-02-28,11.83451317035501,2
Halle,51.4824354,11.9712985,2010-06-07,2024-06-17,14,GHCND:GME00102292,"LEIPZIG SCHKEUDITZ, GM",51.4358,12.2414,1897-06-01,2026-02-28,19.418508252150932,3
Halle,51.4824354,11.9712985,2010-06-07,2024-06-17,14,GHCND:GME00121430,"BAD DURRENBERG, GM",51.3056,12.0825,1947-04-01,1973-02-28,21.12266756697046,4
Halle,51.4824354,11.9712985,2010-06-07,2024-06-17,14,GHCND:GME00121618,"EISLEBEN HELFTA, GM",51.5042,11.5717,1945-01-01,2001-05-31,27.770071161786568,5
Hamburg,53.5501721,10.0013165,2010-07-19,2024-07-15,15,GHCND:GME00123250,"HAMBURG BOTANISCHER GARTEN, GM",53.5614,9.9883,1947-01-01,1954-12-31,1.5159033552662884,1
Hamburg,53.5501721,10.0013165,2010-07-19,2024-07-15,15,GHCND:GME00123298,"HAMBURG SANKT PAULI, GM",53.5481,9.9703,1956-01-01,2000-02-29,2.062005735098313,2
Hamburg,53.5501721,10.0013165,2010-07-19,2024-07-15,15,GHCND:GME00123322,"HAMBURG WANDSBEK, GM",53.5867,10.1306,1951-01-01,2006-12-31,9.454138023481873,3
Hamburg,53.5501721,10.0013165,2010-07-19,2024-07-15,15,GHCND:GM000010147,"HAMBURG FUHLSBUETTEL, GM",53.635,9.99,1891-01-01,2026-02-28,9.461953457756497,4
Hamburg,53.5501721,10.0013165,2010-07-19,2024-07-15,15,GHCND:GME00123274,"HAMBURG NEUWIEDENTHAL, GM",53.4792,9.8983,1962-05-01,2026-02-28,10.424636225311309,5
Hangzhou,30.2489634,120.2052342,2024-09-18,2024-09-18,1,GHCND:CHM00058457,"HANGZHOU, CH",30.233,120.167,1951-01-01,2025-08-24,4.07932811267613,1
Hong Kong,22.2792968,114.1628907,2024-01-01,2024-01-01,1,GHCND:CHM00045005,"HONG KONG OBSERVATORY, CH",22.3,114.167,1946-09-02,1992-06-30,2.3405926270344386,1
Hong Kong,22.2792968,114.1628907,2024-01-01,2024-01-01,1,GHCND:CHM00045004,"KING S PARK, CH",22.333,114.167,1992-08-01,2000-03-31,5.986468163339463,2
Houston,29.7589382,-95.3676974,2010-04-05,2024-04-01,13,GHCND:US1TXBRZ025,"PEARLAND 4.4 W, TX US",29.547816,-95.348541,2013-04-04,2018-06-20,23.548587465298795,1
Houston,29.7589382,-95.3676974,2010-04-05,2024-04-01,13,GHCND:US1TXBRZ036,"PEARLAND 7.4 W, TX US",29.548258,-95.398357,2017-09-29,2026-03-27,23.613168283579718,2
Houston,29.7589382,-95.3676974,2010-04-05,2024-04-01,13,GHCND:US1TXBRZ045,"PEARLAND 3.4 WSW, TX US",29.538225,-95.327694,2020-06-21,2026-03-16,24.844785759839755,3
Houston,29.7589382,-95.3676974,2010-04-05,2024-04-01,13,GHCND:US1TXBRZ044,"PEARLAND 2.3 E, TX US",29.55378,-95.23726,2020-06-03,2025-08-11,26.06290469414296,4
Houston,29.7589382,-95.3676974,2010-04-05,2024-04-01,13,GHCND:US1TXBRZ013,"PEARLAND 2.1 ESE, TX US",29.539382,-95.246223,2009-08-01,2010-07-29,27.089122452339577,5
Indian Wells Masters,33.7217965,-116.338303,2010-03-11,2024-03-04,14,GHCND:US1CARV0072,"PALM DESERT 2.1 ENE, CA US",33.744214,-116.342056,2019-04-01,2024-05-30,2.5167559123186667,1
Indian Wells Masters,33.7217965,-116.338303,2010-03-11,2024-03-04,14,GHCND:US1CARV0079,"LA QUINTA 0.9 WNW, CA US",33.674901,-116.306632,2020-12-25,2026-01-04,5.981289496747846,2
Indian Wells Masters,33.7217965,-116.338303,2010-03-11,2024-03-04,14,GHCND:US1CARV0033,"PALM DESERT 5.0 ENE, CA US",33.771139,-116.300973,2014-08-18,2016-10-22,6.481973925886817,3
Indian Wells Masters,33.7217965,-116.338303,2010-03-11,2024-03-04,14,GHCND:US1CARV0014,"RANCHO MIRAGE 0.9 SSE, CA US",33.746488,-116.419513,2008-12-13,2026-02-21,7.99583448988571,4
Indian Wells Masters,33.7217965,-116.338303,2010-03-11,2024-03-04,14,GHCND:US1CARV0003,"THOUSAND PALMS 0.7 W, CA US",33.8212,-116.3978,2008-10-01,2026-02-21,12.345693191641189,5
Istanbul,41.006381,28.9758715,2015-04-27,2018-04-30,4,GHCND:TU000017062,"ISTANBUL, TU",40.9667,29.0831,1929-01-01,2007-05-09,10.023797454477565,1
Istanbul,41.006381,28.9758715,2015-04-27,2018-04-30,4,GHCND:TUM00017064,ISTANBUL BOLGE KARTAL,40.9,29.15,2014-02-18,2025-08-24,18.80861620683624,2
Johannesburg,-26.205,28.049722,2010-02-01,2011-01-31,2,GHCND:SF004758810,"JHB BRAAMFONTEIN CEM, SF",-26.18,28,1898-05-01,1997-11-30,5.686855726089168,1
Johannesburg,-26.205,28.049722,2010-02-01,2011-01-31,2,GHCND:SF004758520,"INDUSTRIA, SF",-26.2,27.97,1911-07-01,1969-11-30,7.973147081464417,2
Johannesburg,-26.205,28.049722,2010-02-01,2011-01-31,2,GHCND:SF004757610,"MARAISBURG GM, SF",-26.2,27.93,1903-01-01,1980-01-31,11.957408673773305,3
Johannesburg,-26.205,28.049722,2010-02-01,2011-01-31,2,GHCND:SF004757360,"KLIPSPRUIT PUR, SF",-26.27,27.92,1907-12-01,1992-01-31,14.820187335403922,4
Johannesburg,-26.205,28.049722,2010-02-01,2011-01-31,2,GHCND:SF004756690,"ROODEPOORT MUN, SF",-26.15,27.88,1904-11-01,1997-08-31,18.006890629841898,5
Kitzbuhel,47.4463585,12.3911473,2011-07-31,2024-07-22,14,GHCND:GME00126874,"KIEFERSFELDEN GACH, GM",47.6192,12.1681,1941-01-01,2026-02-28,25.49076279626673,1
Kitzbuhel,47.4463585,12.3911473,2011-07-31,2024-07-22,14,GHCND:GME00127606,"RAUSCHBERG BEI RUHPOLDING, GM",47.7333,12.6842,1962-07-01,1998-06-30,38.742835281933345,2
Kitzbuhel,47.4463585,12.3911473,2011-07-31,2024-07-22,14,GHCND:GME00121198,"WENDELSTEIN, GM",47.7042,12.0131,1951-01-01,2012-09-21,40.326570005156675,3
Kitzbuhel,47.4463585,12.3911473,2011-07-31,2024-07-22,14,GHCND:GME00127426,"PRIEN STOCK, GM",47.8594,12.3639,1946-01-01,1957-12-31,45.97344201752137,4
Kitzbuhel,47.4463585,12.3911473,2011-07-31,2024-07-22,14,GHCND:GME00127654,"BAD REICHENHALL, GM",47.7244,12.8756,1935-01-01,2006-11-30,47.70730690666348,5
Kuala Lumpur,3.1516964,101.6942371,2010-09-27,2015-09-28,6,GHCND:MYM00048647,"SULTAN ABDUL AZIZ SHAH INTERNATIONAL, MY",3.131,101.549,1949-04-01,2025-08-24,16.28875186074356,1
Kuala Lumpur,3.1516964,101.6942371,2010-09-27,2015-09-28,6,GHCND:MYM00048650,"KUALA LUMPUR INTERNATIONAL, MY",2.746,101.71,2005-01-01,2025-08-24,45.14532910709972,2
Laver Cup,32.7979615,-117.1509655,2017-09-22,2024-09-20,6,GHCND:MXN00002073,"TIJUANA CFE, MX",32.5167,-117.0667,1969-01-01,1982-12-31,32.254405236595595,1
Laver Cup,32.7979615,-117.1509655,2017-09-22,2024-09-20,6,GHCND:MXN00002068,"TIJUANA, MX",32.5167,-117.0333,1948-06-27,1984-12-31,33.15803668033762,2
Laver Cup,32.7979615,-117.1509655,2017-09-22,2024-09-20,6,GHCND:US1CASD0001,"SAN MARCOS 2.5 ENE, CA US",33.1472,-117.1316,2008-10-01,2026-03-15,38.875545114044215,3
Laver Cup,32.7979615,-117.1509655,2017-09-22,2024-09-20,6,GHCND:MXN00002143,"EJIDO PLAN LIBERTADOR, MX",32.4,-117,1982-01-01,1984-10-31,46.45614990272489,4
Laver Cup,32.7979615,-117.1509655,2017-09-22,2024-09-20,6,GHCND:MXN00002038,"PRESA RODRIGUEZ, MX",32.4333,-116.9,1929-01-01,2012-12-31,46.86878851054506,5
London Olympics,51.5074456,-0.1277653,2012-07-25,2012-07-25,1,GHCND:UKE00105915,"HAMPSTEAD, UK",51.5608,0.1789,1959-12-31,2016-07-17,22.025651333079413,1
London Olympics,51.5074456,-0.1277653,2012-07-25,2012-07-25,1,GHCND:UKM00003772,"HEATHROW, UK",51.478,-0.461,1948-12-01,2025-08-24,23.301507280885136,2
London Olympics,51.5074456,-0.1277653,2012-07-25,2012-07-25,1,GHCND:UKE00105900,"ROTHAMSTED, UK",51.8067,0.3581,1916-01-01,2026-02-28,47.2287272632843,3
Los Angeles,34.0536909,-118.242766,2010-07-26,2012-07-23,3,GHCND:US1CALA0001,"GLENDALE 2.4 WSW, CA US",34.1689,-118.2947,2008-09-23,2024-05-24,13.67382384070442,1
Los Angeles,34.0536909,-118.242766,2010-07-26,2012-07-23,3,GHCND:US1CALA0010,"WHITTIER 2.9 WNW, CA US",33.986232,-118.066418,2009-02-23,2026-03-22,17.9002514015842,2
Los Angeles,34.0536909,-118.242766,2010-07-26,2012-07-23,3,GHCND:US1CALA0005,"ALTADENA 0.7 ESE, CA US",34.187426,-118.124477,2008-11-10,2024-03-07,18.43110494215896,3
Los Angeles,34.0536909,-118.242766,2010-07-26,2012-07-23,3,GHCND:US1CALA0009,"SHERMAN OAKS 1.7 ENE, CA US",34.154267,-118.419999,2008-12-10,2020-08-08,19.782665982551535,4
Los Angeles,34.0536909,-118.242766,2010-07-26,2012-07-23,3,GHCND:US1CALA0006,"SANTA MONICA 1.9 E, CA US",34.01655,-118.459786,2008-12-10,2009-09-04,20.41965444914306,5
Los Cabos,21.166121,-100.936442,2016-08-08,2024-02-19,8,GHCND:MXN00011017,"DOLORES HIDALGO SMN, MX",21.15,-100.95,1951-07-11,2013-04-30,2.278161736422662,1
Los Cabos,21.166121,-100.936442,2016-08-08,2024-02-19,8,GHCND:MXN00011011,"CINCO SEORES, MX",20.95,-100.8833,1962-07-01,2013-03-31,24.656142675952236,2
Los Cabos,21.166121,-100.936442,2016-08-08,2024-02-19,8,GHCND:MXN00011026,"HACIENDA SAN JUAN, MX",21.4667,-100.9167,1961-01-01,1999-04-30,33.48536535907611,3
Los Cabos,21.166121,-100.936442,2016-08-08,2024-02-19,8,GHCND:MXN00011007,"CALDERONES, MX",20.9833,-101.2167,1949-04-01,2013-04-30,35.48007721157681,4
Los Cabos,21.166121,-100.936442,2016-08-08,2024-02-19,8,GHCND:MXN00011008,"CAADA DE GONZALEZ, MX",20.9833,-101.2167,1965-07-01,1998-09-30,35.48007721157681,5
Lyon,45.7578137,4.8320114,2017-05-22,2024-05-20,7,GHCND:FR069029001,"LYON ST EXUPERY, FR",45.7264,5.0778,1920-09-01,2026-02-28,19.390823666440127,1
Lyon,45.7578137,4.8320114,2017-05-22,2024-05-20,7,GHCND:FRM00007481,"SAINT EXUPERY, FR",45.726,5.091,1975-05-15,2025-08-24,20.40697680130184,2
Madrid Masters,40.416782,-3.703507,2010-05-09,2024-04-22,14,GHCND:SP000003195,"MADRID RETIRO, SP",40.4117,-3.6781,1920-01-01,2026-02-26,2.223979321717198,1
Madrid Masters,40.416782,-3.703507,2010-05-09,2024-04-22,14,GHCND:SPE00120287,"MADRID CUATROVIENTOS, SP",40.3778,-3.7892,1945-05-01,2026-02-26,8.452723767166738,2
Madrid Masters,40.416782,-3.703507,2010-05-09,2024-04-22,14,GHCND:SPE00120296,"MADRID GETAFE, SP",40.3,-3.7225,1951-01-01,2026-02-26,13.084906722825275,3
Madrid Masters,40.416782,-3.703507,2010-05-09,2024-04-22,14,GHCND:SPE00120278,"MADRID BARAJAS, SP",40.4667,-3.5556,1945-01-01,2026-02-26,13.692392714207145,4
Madrid Masters,40.416782,-3.703507,2010-05-09,2024-04-22,14,GHCND:SPE00120305,"MADRID TORREJON, SP",40.4831,-3.4503,1961-01-01,2026-02-26,22.658964894383388,5
Mallorca,39.613432,2.8829185,2021-06-21,2024-06-24,4,GHCND:SPE00119882,"PALMA DE MALLORCA CMT, SP",39.5556,2.6264,1972-08-01,2026-02-26,22.9039549564071,1
Marbella,36.508976,-4.88562,2021-04-05,2021-04-05,1,GHCND:SP000006155,"MALAGA AEROPUERTO, SP",36.6667,-4.4881,1942-05-01,2026-02-26,39.5885861943416,1
Marbella,36.508976,-4.88562,2021-04-05,2021-04-05,1,GHCND:GIM00008495,"GIBRALTAR, GI",36.151,-5.35,1958-01-01,2025-08-24,57.57556012136472,2
Marrakech,31.6258257,-7.9891608,2016-04-04,2024-04-01,7,GHCND:MOM00060230,"MENARA, MO",31.607,-8.036,1943-01-19,2025-08-24,4.904432132994015,1
Marrakech,31.6258257,-7.9891608,2016-04-04,2024-04-01,7,GHCND:MOW00013023,"BEN GUERIR, MO",32.11667,-7.88333,1951-11-22,1963-05-01,55.4867818158786,2
Marseille,43.2961743,5.3699525,2010-02-15,2024-02-05,15,GHCND:FR013055001,"MARSEILLE OBS. PALAIS LONCHAMP, FR",43.305,5.3967,1881-01-01,2005-01-01,2.3765942632260244,1
Marseille,43.2961743,5.3699525,2010-02-15,2024-02-05,15,GHCND:FR000007650,"MARSEILLES MARIGNANE, FR",43.4378,5.2158,1921-01-01,2026-02-28,20.08176111790041,2
Melbourne,-37.8142454,144.9631732,2022-01-03,2022-01-03,1,GHCND:ASN00086013,"BURNLEY, AS",-37.8,145,1893-02-01,1969-12-31,3.6022916594978427,1
Melbourne,-37.8142454,144.9631732,2022-01-03,2022-01-03,1,GHCND:ASN00086002,"BALWYN NORTH, AS",-37.8,145.05,1922-01-01,1969-07-31,7.790704990275234,2
Melbourne,-37.8142454,144.9631732,2022-01-03,2022-01-03,1,GHCND:ASN00086012,"BOX HILL AGED MENS RETREAT, AS",-37.8364,145.1364,1920-07-01,1994-12-31,15.41284396061528,3
Melbourne,-37.8142454,144.9631732,2022-01-03,2022-01-03,1,GHCND:ASN00086006,"BENTLEIGH, AS",-37.9279,145.0749,1937-10-01,2006-11-30,15.996610105042018,4
Melbourne,-37.8142454,144.9631732,2022-01-03,2022-01-03,1,GHCND:ASN00086011,"BOX HILL SOUTH, AS",-37.8333,145.15,1950-01-01,1968-11-30,16.545765948662716,5
Memphis,35.1460249,-90.0517638,2010-02-15,2017-02-13,8,GHCND:US1ARCT0004,"MARION 0.5 ESE, AR US",35.204737,-90.194882,2024-03-23,2026-03-25,14.554350523957606,1
Memphis,35.1460249,-90.0517638,2010-02-15,2017-02-13,8,GHCND:US1TNSH0001,"BARTLETT 1.0 WNW, TN US",35.222,-89.85162,2007-04-01,2026-03-27,20.055255371695107,2
Memphis,35.1460249,-90.0517638,2010-02-15,2017-02-13,8,GHCND:US1TNSH0003,"BARTLETT 0.8 ESE, TN US",35.211,-89.823,2007-11-21,2015-07-04,22.011045236907727,3
Memphis,35.1460249,-90.0517638,2010-02-15,2017-02-13,8,GHCND:US1TNSH0004,"GERMANTOWN 0.2 WNW, TN US",35.089661,-89.795728,2007-04-08,2009-06-20,24.116146958795508,4
Memphis,35.1460249,-90.0517638,2010-02-15,2017-02-13,8,GHCND:US1MSDS0004,"OLIVE BRANCH 3.2 SW, MS US",34.927394,-89.875292,2009-09-16,2012-12-20,29.14016660329018,5
Metz,49.1196964,6.1763552,2010-09-20,2024-11-04,14,GHCND:FRE00104949,"METZ FRESCATY, FR",49.0731,6.1256,1940-09-16,2013-04-29,6.364117156363157,1
Metz,49.1196964,6.1763552,2010-09-20,2024-11-04,14,GHCND:FRW00034063,"CHAMBLEY, FR",49.03333,5.86667,1954-11-08,1966-12-02,24.51615543716239,2
Metz,49.1196964,6.1763552,2010-09-20,2024-11-04,14,GHCND:FRW00034064,"ETAIN, FR",49.23333,5.68333,1954-12-13,1964-02-28,38.00086860698485,3
Metz,49.1196964,6.1763552,2010-09-20,2024-11-04,14,GHCND:FRW00034051,"TOUL ROSIERE, FR",48.783333,5.983333,1952-03-20,2026-02-28,39.96950845120073,4
Metz,49.1196964,6.1763552,2010-09-20,2024-11-04,14,GHCND:GME00127234,"PERL BESCH, GM",49.5125,6.3864,1951-01-01,2004-09-30,46.25532212491916,5
Miami Masters,25.7741566,-80.1935973,2010-03-24,2024-03-18,14,GHCND:US1FLBW0021,"PEMBROKE PINES 2.4 ESE, FL US",26.002149,-80.274481,2008-12-14,2012-03-29,26.611512889003855,1
Miami Masters,25.7741566,-80.1935973,2010-03-24,2024-03-18,14,GHCND:US1FLBW0001,"HOLLYWOOD 1.1 WNW, FL US",26.035345,-80.139444,2012-04-27,2017-01-23,29.543602291728742,2
Miami Masters,25.7741566,-80.1935973,2010-03-24,2024-03-18,14,GHCND:US1FLBW0004,"PEMBROKE PINES 1.0 ENE, FL US",26.01455,-80.3255,2007-10-05,2024-02-19,29.80959358346995,3
Miami Masters,25.7741566,-80.1935973,2010-03-24,2024-03-18,14,GHCND:US1FLBW0013,"MIRAMAR 3.0 WNW, FL US",25.9917,-80.3791,2007-12-14,2022-04-22,30.48827291897728,4
Miami Masters,25.7741566,-80.1935973,2010-03-24,2024-03-18,14,GHCND:US1FLBW0005,"RIVERLAND 1.5 E, FL US",26.0953,-80.1634,2007-10-07,2012-05-01,35.836960472705435,5
Monte Carlo Masters,43.7402961,7.426559,2010-04-11,2024-04-08,14,GHCND:FRM00007690,"COTE D AZUR, FR",43.658,7.216,1945-10-01,2025-08-24,19.242317126725506,1
Monte Carlo Masters,43.7402961,7.426559,2010-04-11,2024-04-08,14,GHCND:FRE00104120,"NICE, FR",43.6489,7.2089,1942-07-01,2026-02-28,20.23623672084042,2
Montpellier,43.6112422,3.8767337,2010-10-25,2024-01-29,14,GHCND:FRE00106207,"MONTPELLIER AEROPORT, FR",43.5767,3.9631,1946-01-01,2026-02-28,7.945345694600809,1
Montpellier,43.6112422,3.8767337,2010-10-25,2024-01-29,14,GHCND:FRM00007643,"MEDITERRANEE, FR",43.576,3.963,1973-01-01,2025-08-24,7.976283885591755,2
Moscow,55.625578,37.6063916,2010-10-18,2021-10-18,11,GHCND:RSM00027612,"MOSCOW, RS",55.8331,37.6167,1936-12-31,2022-01-15,23.084418843596186,1
Munich,48.1371079,11.5753822,2010-05-02,2024-04-15,14,GHCND:GM000004199,"MUNCHEN NYMPHENBURG, GM",48.1667,11.5025,1879-01-01,2026-02-28,6.32930651700853,1
Munich,48.1371079,11.5753822,2010-05-02,2024-04-15,14,GHCND:GME00123970,"HOLZKIRCHEN, GM",47.8831,11.6975,1982-12-01,2026-02-28,29.669323594290294,2
Munich,48.1371079,11.5753822,2010-05-02,2024-04-15,14,GHCND:GME00121510,"EBERSBERG HALBING, GM",48.1008,11.9883,1931-01-01,2026-02-28,30.91649865038785,3
Munich,48.1371079,11.5753822,2010-05-02,2024-04-15,14,GHCND:GME00123094,"FELDKIRCHEN WESTERHAM LENZMUHL, GM",47.9417,11.9014,1959-01-01,2026-02-28,32.551834024894546,4
Munich,48.1371079,11.5753822,2010-05-02,2024-04-15,14,GHCND:GME00123730,"ATTENKAM, GM",47.8781,11.3656,1941-01-01,2026-02-28,32.756924261123466,5
Murray River Open,-37.8142454,144.9631732,2021-02-01,2021-02-01,1,GHCND:ASN00086013,"BURNLEY, AS",-37.8,145,1893-02-01,1969-12-31,3.6022916594978427,1
Murray River Open,-37.8142454,144.9631732,2021-02-01,2021-02-01,1,GHCND:ASN00086002,"BALWYN NORTH, AS",-37.8,145.05,1922-01-01,1969-07-31,7.790704990275234,2
Murray River Open,-37.8142454,144.9631732,2021-02-01,2021-02-01,1,GHCND:ASN00086012,"BOX HILL AGED MENS RETREAT, AS",-37.8364,145.1364,1920-07-01,1994-12-31,15.41284396061528,3
Murray River Open,-37.8142454,144.9631732,2021-02-01,2021-02-01,1,GHCND:ASN00086006,"BENTLEIGH, AS",-37.9279,145.0749,1937-10-01,2006-11-30,15.996610105042018,4
Murray River Open,-37.8142454,144.9631732,2021-02-01,2021-02-01,1,GHCND:ASN00086011,"BOX HILL SOUTH, AS",-37.8333,145.15,1950-01-01,1968-11-30,16.545765948662716,5
Naples,40.8358846,14.2487679,2022-10-17,2022-10-17,1,GHCND:ITW00034113,"NAPLES, IT",40.88603,14.29078,1995-08-01,2026-02-28,6.601018907271606,1
Naples,40.8358846,14.2487679,2022-10-17,2022-10-17,1,GHCND:ITM00016253,"GRAZZANISE, IT",41.061,14.082,1944-04-01,2025-08-24,28.683706371440834,2
New Haven,41.3082138,-72.9250518,2010-08-22,2010-08-22,1,GHCND:US1CTFR0008,"STRATFORD 0.8 N, CT US",41.215142,-73.128287,2009-07-13,2010-09-11,19.891750330979455,1
New Haven,41.3082138,-72.9250518,2010-08-22,2010-08-22,1,GHCND:US1CTFR0023,"SHELTON 1.3 W, CT US",41.305334,-73.16345,2014-01-22,2026-03-27,19.915512943871605,2
New Haven,41.3082138,-72.9250518,2010-08-22,2010-08-22,1,GHCND:US1CTFR0027,"STRATFORD 2.1 NNW, CT US",41.232217,-73.144323,2015-10-29,2016-02-15,20.18009833603675,3
New Haven,41.3082138,-72.9250518,2010-08-22,2010-08-22,1,GHCND:US1CTFR0030,"STRATFORD 0.5 WNW, CT US",41.206247,-73.140028,2016-03-14,2016-11-02,21.24810000123808,4
New Haven,41.3082138,-72.9250518,2010-08-22,2010-08-22,1,GHCND:US1CTFR0026,"STRATFORD 0.9 W, CT US",41.2040083855391,-73.1466870009899,2016-06-05,2026-03-23,21.852131275138255,5
New York,40.7127281,-74.0060152,2018-02-12,2020-02-10,3,GHCND:US1NJBG0002,"SADDLE BROOK TWP 0.6 E, NJ US",40.902694,-74.083358,2008-02-09,2017-11-23,22.103503714136316,1
New York,40.7127281,-74.0060152,2018-02-12,2020-02-10,3,GHCND:US1NJBG0003,"TENAFLY 1.3 W, NJ US",40.91467,-73.9775,2008-01-29,2026-03-27,22.582779838961617,2
New York,40.7127281,-74.0060152,2018-02-12,2020-02-10,3,GHCND:US1NJBG0001,"BERGENFIELD 0.3 SW, NJ US",40.921298,-74.001983,2008-01-25,2009-11-05,23.194396869635565,3
New York,40.7127281,-74.0060152,2018-02-12,2020-02-10,3,GHCND:US1CTFR0039,"STAMFORD 4.2 S, CT US",41.0377883911133,-73.5681762695313,2016-05-01,2022-04-12,51.59104256614521,4
New York,40.7127281,-74.0060152,2018-02-12,2020-02-10,3,GHCND:US1CTFR0022,"STAMFORD 2.6 SSW, CT US",41.0641,-73.577,2015-07-30,2017-11-19,53.170537897411535,5
Newport,41.4899827,-71.3137707,2010-07-05,2024-07-15,14,GHCND:US1MABR0014,"DARTMOUTH 2.5 SSW, MA US",41.534589,-71.021972,2013-01-14,2026-03-27,24.797505753583014,1
Newport,41.4899827,-71.3137707,2010-07-05,2024-07-15,14,GHCND:US1MABR0013,"SWANSEA 1.9 WSW, MA US",41.736277,-71.2145309,2011-04-04,2015-01-27,28.60238157618325,2
Newport,41.4899827,-71.3137707,2010-07-05,2024-07-15,14,GHCND:US1MABR0016,"SOMERSET 0.4 SSE, MA US",41.7350683361292,-71.1551776528358,2013-07-15,2026-03-27,30.274101538027267,3
Newport,41.4899827,-71.3137707,2010-07-05,2024-07-15,14,GHCND:US1MABR0008,"DIGHTON 1.1 WSW, MA US",41.811981,-71.136479,2009-03-17,2026-03-27,38.716278590432076,4
Newport,41.4899827,-71.3137707,2010-07-05,2024-07-15,14,GHCND:US1MABR0018,"FAIRHAVEN 2.2 ESE, MA US",41.6219,-70.8667,2014-01-29,2026-03-27,39.98741719336165,5
Next Gen Finals,45.4641943,9.1896346,2024-12-18,2024-12-18,1,GHCND:ITE00100554,"MILAN, IT",45.4717,9.1892,1763-01-01,2008-12-01,0.8352835924525217,1
NextGen Finals,45.4641943,9.1896346,2017-11-06,2023-11-27,6,GHCND:ITE00100554,"MILAN, IT",45.4717,9.1892,1763-01-01,2008-12-01,0.8352835924525217,1
Nice,43.7009358,7.2683912,2010-05-16,2016-05-16,7,GHCND:FRM00007690,"COTE D AZUR, FR",43.658,7.216,1945-10-01,2025-08-24,6.367442453826459,1
Nice,43.7009358,7.2683912,2010-05-16,2016-05-16,7,GHCND:FRE00104120,"NICE, FR",43.6489,7.2089,1942-07-01,2026-02-28,7.508043732621803,2
Nottingham,52.9534193,-1.1496461,2015-06-21,2016-06-20,2,GHCND:UKE00105906,"NOTTINGHAM WATNALL, UK",53.005,-1.25,1959-12-31,2026-02-28,8.833926683043307,1
Nottingham,52.9534193,-1.1496461,2015-06-21,2016-06-20,2,GHCND:UKE00156876,"SUTTON BONINGTON, UK",52.8358,-1.2494,2012-12-31,2026-02-28,14.691161763382784,2
Nottingham,52.9534193,-1.1496461,2015-06-21,2016-06-20,2,GHCND:UKE00105907,"WARSOP, UK",53.2231,-1.115,1959-12-31,2009-06-30,30.07625309666438,3
Nottingham,52.9534193,-1.1496461,2015-06-21,2016-06-20,2,GHCND:UKE00105908,"NEWTOWN LINFORD, UK",52.68,-1.2158,1959-12-31,2004-12-31,30.726156811444547,4
Nottingham,52.9534193,-1.1496461,2015-06-21,2016-06-20,2,GHCND:UKE00105904,"SHEFFIELD, UK",53.3808,-1.49,1882-12-31,2026-02-28,52.66037513226662,5
Nur-Sultan,51.1282205,71.4306682,2020-10-26,2021-09-20,2,GHCND:KZ000035188,"ASTANA, KZ",51.1331,71.3667,1881-01-01,2025-08-24,4.496555012188869,1
Paris Masters,48.8588897,2.320041,2010-11-07,2024-10-28,15,GHCND:FRM00007156,"PARIS MONTSOURIS, FR",48.8217,2.3378,1983-12-18,2025-01-12,4.3347332659909155,1
Paris Masters,48.8588897,2.320041,2010-11-07,2024-10-28,15,GHCND:FRM00007150,"LE BOURGET, FR",48.9675,2.4275,1900-01-01,2025-08-24,14.40551165395159,2
Paris Masters,48.8588897,2.320041,2010-11-07,2024-10-28,15,GHCND:FRM00007149,"ORLY, FR",48.7167,2.3842,1921-03-01,2026-02-28,16.49465534717401,3
Paris Masters,48.8588897,2.320041,2010-11-07,2024-10-28,15,GHCND:FRE00104982,"BRETIGNY SUR ORGE, FR",48.6,2.3267,1958-01-01,2005-01-01,28.791364106451187,4
Paris Olympics,48.8588897,2.320041,2024-07-29,2024-07-29,1,GHCND:FRM00007156,"PARIS MONTSOURIS, FR",48.8217,2.3378,1983-12-18,2025-01-12,4.3347332659909155,1
Paris Olympics,48.8588897,2.320041,2024-07-29,2024-07-29,1,GHCND:FRM00007150,"LE BOURGET, FR",48.9675,2.4275,1900-01-01,2025-08-24,14.40551165395159,2
Paris Olympics,48.8588897,2.320041,2024-07-29,2024-07-29,1,GHCND:FRM00007149,"ORLY, FR",48.7167,2.3842,1921-03-01,2026-02-28,16.49465534717401,3
Paris Olympics,48.8588897,2.320041,2024-07-29,2024-07-29,1,GHCND:FRE00104982,"BRETIGNY SUR ORGE, FR",48.6,2.3267,1958-01-01,2005-01-01,28.791364106451187,4
Pune,18.5213738,73.8545071,2018-01-01,2023-01-02,5,GHCND:IN012190100,"POONA, IN",18.533,73.85,1901-01-01,2025-08-24,1.377343050823215,1
Pune,18.5213738,73.8545071,2018-01-01,2023-01-02,5,GHCND:IN012190600,"ALANDI, IN",18.67,73.88,1901-01-01,1964-12-31,16.74344096997939,2
Pune,18.5213738,73.8545071,2018-01-01,2023-01-02,5,GHCND:IN012190201,"PAUD, IN",18.53,73.62,1901-01-01,1970-12-31,24.743372476948156,3
Pune,18.5213738,73.8545071,2018-01-01,2023-01-02,5,GHCND:IN012190301,"SASVAD, IN",18.35,74.03,1901-01-01,1970-12-31,26.567605757883175,4
Pune,18.5213738,73.8545071,2018-01-01,2023-01-02,5,GHCND:IN012190300,"VADGAON MAVAL, IN",18.73,73.65,1901-01-01,1970-12-31,31.66259911175188,5
Queen's Club,51.5074456,-0.1277653,2010-06-07,2024-06-17,14,GHCND:UKE00105915,"HAMPSTEAD, UK",51.5608,0.1789,1959-12-31,2016-07-17,22.025651333079413,1
Queen's Club,51.5074456,-0.1277653,2010-06-07,2024-06-17,14,GHCND:UKM00003772,"HEATHROW, UK",51.478,-0.461,1948-12-01,2025-08-24,23.301507280885136,2
Queen's Club,51.5074456,-0.1277653,2010-06-07,2024-06-17,14,GHCND:UKE00105900,"ROTHAMSTED, UK",51.8067,0.3581,1916-01-01,2026-02-28,47.2287272632843,3
Quito,-0.2201641,-78.5123274,2015-02-02,2018-02-05,4,GHCND:ECM00084088,"IZOBAMBA, EC",-0.35,-78.55,2005-09-20,2026-01-31,15.032530090668587,1
Rio De Janeiro,-22.9110137,-43.2093727,2023-02-20,2024-02-19,2,GHCND:BR000083743,RIO DE JANEIRO,-22.917,-43.167,1973-01-09,1988-10-31,4.390587582541711,1
Rio De Janeiro,-22.9110137,-43.2093727,2023-02-20,2024-02-19,2,GHCND:BR002243025,NITEROI,-22.93,-43.1,1955-01-04,1970-12-31,11.398690465916799,2
Rio De Janeiro,-22.9110137,-43.2093727,2023-02-20,2024-02-19,2,GHCND:BR002242011,"ESTACAO DE BOMB. DE IMUNANA, BR",-22.68,-42.95,1967-07-19,1999-12-31,36.97004885841455,3
Rio De Janeiro,-22.9110137,-43.2093727,2023-02-20,2024-02-19,2,GHCND:BR002243009,"PETROPOLIS, BR",-22.51,-43.17,1938-05-27,1995-12-31,44.77320351799691,4
Rio De Janeiro,-22.9110137,-43.2093727,2023-02-20,2024-02-19,2,GHCND:BR002243001,"ANDORINHAS, BR",-22.53,-43.05,1947-01-01,1996-08-21,45.41082815436515,5
Rio Olympics,-22.9110137,-43.2093727,2016-08-08,2016-08-08,1,GHCND:BR000083743,RIO DE JANEIRO,-22.917,-43.167,1973-01-09,1988-10-31,4.390587582541711,1
Rio Olympics,-22.9110137,-43.2093727,2016-08-08,2016-08-08,1,GHCND:BR002243025,NITEROI,-22.93,-43.1,1955-01-04,1970-12-31,11.398690465916799,2
Rio Olympics,-22.9110137,-43.2093727,2016-08-08,2016-08-08,1,GHCND:BR002242011,"ESTACAO DE BOMB. DE IMUNANA, BR",-22.68,-42.95,1967-07-19,1999-12-31,36.97004885841455,3
Rio Olympics,-22.9110137,-43.2093727,2016-08-08,2016-08-08,1,GHCND:BR002243009,"PETROPOLIS, BR",-22.51,-43.17,1938-05-27,1995-12-31,44.77320351799691,4
Rio Olympics,-22.9110137,-43.2093727,2016-08-08,2016-08-08,1,GHCND:BR002243001,"ANDORINHAS, BR",-22.53,-43.05,1947-01-01,1996-08-21,45.41082815436515,5
Rio de Janeiro,-22.9110137,-43.2093727,2014-02-17,2022-02-14,7,GHCND:BR000083743,RIO DE JANEIRO,-22.917,-43.167,1973-01-09,1988-10-31,4.390587582541711,1
Rio de Janeiro,-22.9110137,-43.2093727,2014-02-17,2022-02-14,7,GHCND:BR002243025,NITEROI,-22.93,-43.1,1955-01-04,1970-12-31,11.398690465916799,2
Rio de Janeiro,-22.9110137,-43.2093727,2014-02-17,2022-02-14,7,GHCND:BR002242011,"ESTACAO DE BOMB. DE IMUNANA, BR",-22.68,-42.95,1967-07-19,1999-12-31,36.97004885841455,3
Rio de Janeiro,-22.9110137,-43.2093727,2014-02-17,2022-02-14,7,GHCND:BR002243009,"PETROPOLIS, BR",-22.51,-43.17,1938-05-27,1995-12-31,44.77320351799691,4
Rio de Janeiro,-22.9110137,-43.2093727,2014-02-17,2022-02-14,7,GHCND:BR002243001,"ANDORINHAS, BR",-22.53,-43.05,1947-01-01,1996-08-21,45.41082815436515,5
Roland Garros,48.8588897,2.320041,2010-05-24,2024-05-27,15,GHCND:FRM00007156,"PARIS MONTSOURIS, FR",48.8217,2.3378,1983-12-18,2025-01-12,4.3347332659909155,1
Roland Garros,48.8588897,2.320041,2010-05-24,2024-05-27,15,GHCND:FRM00007150,"LE BOURGET, FR",48.9675,2.4275,1900-01-01,2025-08-24,14.40551165395159,2
Roland Garros,48.8588897,2.320041,2010-05-24,2024-05-27,15,GHCND:FRM00007149,"ORLY, FR",48.7167,2.3842,1921-03-01,2026-02-28,16.49465534717401,3
Roland Garros,48.8588897,2.320041,2010-05-24,2024-05-27,15,GHCND:FRE00104982,"BRETIGNY SUR ORGE, FR",48.6,2.3267,1958-01-01,2005-01-01,28.791364106451187,4
Rome Masters,41.8933203,12.4829321,2010-04-25,2024-05-06,15,GHCND:IT000016239,"ROMA CIAMPINO, IT",41.7831,12.5831,1951-01-01,2025-08-24,14.800992831698657,1
Rome Masters,41.8933203,12.4829321,2010-04-25,2024-05-06,15,GHCND:ITM00016245,"PRATICA DI MARE, IT",41.659,12.445,1966-09-28,2025-08-24,26.24440774149704,2
Rome Masters,41.8933203,12.4829321,2010-04-25,2024-05-06,15,GHCND:IT000162240,"VIGNA DI VALLE, IT",42.0828,12.2167,1954-10-02,2025-08-24,30.46443140610791,3
Rotterdam,51.9244424,4.47775,2010-02-08,2024-02-12,15,GHCND:NLE00101969,"IJSSELMONDE, NL",51.8831,4.55,1931-12-31,2009-04-30,6.760350848530477,1
Rotterdam,51.9244424,4.47775,2010-02-08,2024-02-12,15,GHCND:NLE00101967,"NUMANSDORP, NL",51.7331,4.4167,1950-12-31,2026-02-10,21.685986867621214,2
Rotterdam,51.9244424,4.47775,2010-02-08,2024-02-12,15,GHCND:NLE00101961,"GROOT AMMERS, NL",51.9331,4.8167,1950-12-31,2026-02-10,23.260798199257938,3
Rotterdam,51.9244424,4.47775,2010-02-08,2024-02-12,15,GHCND:NLE00101965,"SCHEVENINGEN, NL",52.1167,4.3,1876-12-31,2015-12-31,24.595872653530336,4
Rotterdam,51.9244424,4.47775,2010-02-08,2024-02-12,15,GHCND:NLE00101971,"OOSTVOORNE, NL",51.9167,4.0997,1931-12-31,2026-02-10,25.940868201481813,5
San Diego,32.7174202,-117.162772,2021-09-27,2022-09-19,2,GHCND:MXN00002073,"TIJUANA CFE, MX",32.5167,-117.0667,1969-01-01,1982-12-31,24.0645804489756,1
San Diego,32.7174202,-117.162772,2021-09-27,2022-09-19,2,GHCND:MXN00002068,"TIJUANA, MX",32.5167,-117.0333,1948-06-27,1984-12-31,25.400478673391884,2
San Diego,32.7174202,-117.162772,2021-09-27,2022-09-19,2,GHCND:MXN00002143,"EJIDO PLAN LIBERTADOR, MX",32.4,-117,1982-01-01,1984-10-31,38.45106976311987,3
San Diego,32.7174202,-117.162772,2021-09-27,2022-09-19,2,GHCND:MXN00002038,"PRESA RODRIGUEZ, MX",32.4333,-116.9,1929-01-01,2012-12-31,40.05440544920591,4
San Diego,32.7174202,-117.162772,2021-09-27,2022-09-19,2,GHCND:MXN00002156,"EL FLORIDO, MX",32.4667,-116.8167,1988-12-01,2012-12-31,42.759652260563676,5
San Jose,37.3361663,-121.890591,2010-02-08,2013-02-11,4,GHCND:US1CAAL0007,"FREMONT 2.6 ESE, CA US",37.515049,-121.952305,2010-01-30,2018-04-29,20.623877367245665,1
San Jose,37.3361663,-121.890591,2010-02-08,2013-02-11,4,GHCND:US1CAAL0004,"PLEASANTON 1.8 SSE, CA US",37.648266,-121.874518,2008-07-01,2026-03-27,34.73286302465522,2
San Jose,37.3361663,-121.890591,2010-02-08,2013-02-11,4,GHCND:US1CAAL0012,"PLEASANTON 0.4 ESE, CA US",37.6702,-121.8814,2011-01-06,2026-02-19,37.15170048845591,3
San Jose,37.3361663,-121.890591,2010-02-08,2013-02-11,4,GHCND:US1CAAL0011,"SAN LORENZO 0.5 NNW, CA US",37.682092,-122.133229,2010-12-31,2023-03-15,44.018383364129704,4
San Jose,37.3361663,-121.890591,2010-02-08,2013-02-11,4,GHCND:US1CAAL0002,"CASTRO VALLEY 0.5 WSW, CA US",37.707518,-122.068694,2008-11-24,2012-02-09,44.17889340996039,5
Santiago,-33.4376995,-70.6510671,2010-02-01,2024-02-26,9,GHCND:CIM00085577,"QUINTA NORMAL, CI",-33.433,-70.683,1946-11-13,2025-08-24,3.0088763823165015,1
Santiago,-33.4376995,-70.6510671,2010-02-01,2024-02-26,9,GHCND:CIM00085574,"ARTURO MERINO BENITEZ INTERNATIONAL, CI",-33.393,-70.786,1973-01-01,2025-08-24,13.473976140628425,2
Sao Paulo,-23.5506507,-46.6333824,2012-02-13,2019-02-25,8,GHCND:BR002346397,"VILA CARRAO, BR",-23.55,-46.52,1981-06-13,1991-02-22,11.557684660342913,1
Sao Paulo,-23.5506507,-46.6333824,2012-02-13,2019-02-25,8,GHCND:BR002346100,"ERMELINDO MATARAZZO, BR",-23.48,-46.47,1963-01-01,1999-04-30,18.418043326388585,2
Sao Paulo,-23.5506507,-46.6333824,2012-02-13,2019-02-25,8,GHCND:BR002346098,"FRANCO DA ROCHA, BR",-23.33,-46.73,1963-01-01,1999-04-30,26.441142090084487,3
Sao Paulo,-23.5506507,-46.6333824,2012-02-13,2019-02-25,8,GHCND:BR002346103,"VARINHAS, BR",-23.58,-46.26,1963-07-01,1999-04-30,38.19547306011434,4
Sao Paulo,-23.5506507,-46.6333824,2012-02-13,2019-02-25,8,GHCND:BR002346102,"FAZENDA SANTO ANGELO, BR",-23.58,-46.22,1963-01-01,1980-12-31,42.2588686961853,5
Sardinia,39.2171994,9.113311,2020-10-12,2020-10-12,1,GHCND:IT000016560,CAGLIARI,39.2331,9.05,1943-11-01,2025-08-24,5.732996520742724,1
Sardinia,39.2171994,9.113311,2020-10-12,2020-10-12,1,GHCND:ITM00016546,"DECIMOMANNU, IT",39.354,8.972,1966-09-23,2025-08-24,19.47568692518179,2
Seoul,37.5666791,126.9782914,2022-09-26,2022-09-26,1,GHCND:KSM00047108,"SEOUL CITY, KS",37.567,126.967,1950-12-04,2025-08-24,0.9958390894132042,1
Seoul,37.5666791,126.9782914,2022-09-26,2022-09-26,1,GHCND:KSW00043215,"YEO I DO K 16, KS",37.53333,126.95,1950-12-08,1955-05-31,4.468969604753674,2
Seoul,37.5666791,126.9782914,2022-09-26,2022-09-26,1,GHCND:KSW00043201,"SEOUL ROK K 14, KS",37.558311,126.790586,1949-01-01,1960-02-29,16.57105542727021,3
Seoul,37.5666791,126.9782914,2022-09-26,2022-09-26,1,GHCND:KSW00043218,"UIJONGBU CAMP RED CL, KS",37.73333,127.05,1951-08-01,1967-12-31,19.57662540569319,4
Seoul,37.5666791,126.9782914,2022-09-26,2022-09-26,1,GHCND:KSW00043244,"TONGGO RI, KS",37.78333,126.85,1953-05-02,1967-12-30,26.605168078235234,5
Shanghai Masters,31.2312707,121.4700152,2010-10-10,2024-10-02,12,GHCND:CHW00043204,"HUNG CHIA, CH",31.23333,121.45,1945-12-09,1949-04-26,1.916765530926663,1
Shanghai Masters,31.2312707,121.4700152,2010-10-10,2024-10-02,12,GHCND:CHM00058367,"SHANGHAI HONGQIAO, CH",31.167,121.433,1951-01-01,2025-08-24,7.966703467252355,2
Shanghai Masters,31.2312707,121.4700152,2010-10-10,2024-10-02,12,GHCND:CHM00058362,"SHANGHAI, CH",31.4,121.467,1991-01-01,2026-02-28,18.76402843188642,3
Shenzhen,22.5445741,114.0545429,2014-09-22,2018-09-24,5,GHCND:CHM00045004,"KING S PARK, CH",22.333,114.167,1992-08-01,2000-03-31,26.21175345765637,1
Shenzhen,22.5445741,114.0545429,2014-09-22,2018-09-24,5,GHCND:CHM00045005,"HONG KONG OBSERVATORY, CH",22.3,114.167,1946-09-02,1992-06-30,29.550064936466416,2
Shenzhen,22.5445741,114.0545429,2014-09-22,2018-09-24,5,GHCND:MCM00045011,"MACAU INTERNATIONAL, CH",22.15,113.592,1952-01-01,2025-08-24,64.7135279151444,3
Singapore,1.357107,103.8194992,2021-02-22,2021-02-22,1,GHCND:SNM00048698,"SINGAPORE CHANGI INTERNATIONAL, SN",1.35,103.994,1962-05-12,2025-08-24,19.4142799604943,1
Singapore,1.357107,103.8194992,2021-02-22,2021-02-22,1,GHCND:IDM00096087,"BATAM HANG NADIM, ID",1.117,104.117,1988-07-07,2025-03-07,42.50450122746894,2
Sofia,42.6977028,23.3217359,2016-02-01,2023-11-06,8,GHCND:BUM00015614,"SOFIA, BU",42.695,23.406,1952-01-01,2025-08-24,6.892918296520953,1
St Petersburg,59.938732,30.316229,2020-10-12,2020-10-12,1,GHCND:RSM00026063,"ST. PETERSBURG, RS",59.9667,30.3,1881-01-01,2025-08-24,3.2385079946169015,1
St. Petersburg,59.938732,30.316229,2010-10-25,2021-10-25,10,GHCND:RSM00026063,"ST. PETERSBURG, RS",59.9667,30.3,1881-01-01,2025-08-24,3.2385079946169015,1
Stockholm,59.3251172,18.0710935,2010-10-18,2024-10-14,14,GHCND:SWE00136129,"VARTAN, SW",59.35,18.1,1968-10-19,1972-12-31,3.215959874584784,1
Stockholm,59.3251172,18.0710935,2010-10-18,2024-10-14,14,GHCND:SWE00136150,"BECKOMBERGA, SW",59.37,17.9164,1957-01-01,1986-12-31,10.090289063899938,2
Stockholm,59.3251172,18.0710935,2010-10-18,2024-10-14,14,GHCND:SWE00138758,"RIKSTEN, SW",59.18,17.92,1947-07-20,1985-06-30,18.28002273968354,3
Stockholm,59.3251172,18.0710935,2010-10-18,2024-10-14,14,GHCND:SWE00138760,"VASTERHANINGE, SW",59.12,18.11,1945-01-01,2026-01-31,22.91517164936783,4
Stockholm,59.3251172,18.0710935,2010-10-18,2024-10-14,14,GHCND:SWE00138746,"HARSFJARDEN, SW",59.07,18.12,1952-11-01,2026-02-28,28.50409420320771,5
Stuttgart,48.7784485,9.1800132,2010-07-12,2024-06-10,14,GHCND:GM000002716,"STUTTGART STADT, GM",48.7703,9.1825,1900-01-01,2025-08-24,0.9242160352108385,1
Stuttgart,48.7784485,9.1800132,2010-07-12,2024-06-10,14,GHCND:GME00115771,"STUTTGART SCHNARRENBERG, GM",48.8292,9.2008,1958-01-01,2026-02-28,5.8450448810129165,2
Stuttgart,48.7784485,9.1800132,2010-07-12,2024-06-10,14,GHCND:GME00111512,"STUTTGART ECHTERDINGEN, GM",48.6892,9.2253,1953-01-01,2026-02-28,10.465012524372238,3
Stuttgart,48.7784485,9.1800132,2010-07-12,2024-06-10,14,GHCND:GME00121558,"EHNINGEN, GM",48.6603,8.9131,1985-07-01,1987-07-31,23.579762376119398,4
Stuttgart,48.7784485,9.1800132,2010-07-12,2024-06-10,14,GHCND:GME00121498,"EBERSBACH FILS, GM",48.7208,9.5339,1987-11-01,2002-12-31,26.725833431179883,5
Sydney,-33.8698439,151.2082848,2010-01-11,2022-01-10,11,GHCND:ASN00061248,"KINCUMBER, AS",-33.4667,151.4,1967-06-01,1975-09-30,48.21082090430406,1
Sydney,-33.8698439,151.2082848,2010-01-11,2022-01-10,11,GHCND:ASN00061003,"AVOCA BEACH, AS",-33.4667,151.4333,1934-03-01,1970-12-31,49.42801998833473,2
Sydney,-33.8698439,151.2082848,2010-01-11,2022-01-10,11,GHCND:ASN00061023,GOSFORD GERTRUDE PLACE,-33.4336,151.3381,1877-05-01,1993-08-31,49.97414412641772,3
Sydney,-33.8698439,151.2082848,2010-01-11,2022-01-10,11,GHCND:ASN00061216,"LOWER MANGROVE POPRAN RD, AS",-33.4176,151.159,1998-11-02,2023-05-31,50.49375542540778,4
Sydney,-33.8698439,151.2082848,2010-01-11,2022-01-10,11,GHCND:ASN00061108,"GOSFORD STATE NURSERY, AS",-33.4,151.3,1901-08-01,1946-07-31,52.92973741198997,5
Tel Aviv,32.0852997,34.7818064,2022-09-26,2022-09-26,1,GHCND:IS000002011,"TEL AVIV READING, IS",32.1,34.7831,1939-10-29,1999-11-30,1.6391349397969488,1
Tel Aviv,32.0852997,34.7818064,2022-09-26,2022-09-26,1,GHCND:ISE00100468,TEL AVIV SEDE DOV 1,32.1,34.7667,1994-10-08,2004-05-28,2.167267065427417,2
Tel Aviv,32.0852997,34.7818064,2022-09-26,2022-09-26,1,GHCND:ISE00105694,"BET DAGAN, IS",32,34.7994,1962-06-01,2026-02-28,9.628764464545672,3
Tel Aviv,32.0852997,34.7818064,2022-09-26,2022-09-26,1,GHCND:ISM00040180,"BEN GURION, IS",32.011,34.887,1943-11-01,2025-08-24,12.905496016617956,4
Tel Aviv,32.0852997,34.7818064,2022-09-26,2022-09-26,1,GHCND:IS000006771,"JERUSALEM CENTRAL, IS",31.7667,35.2167,1948-09-30,2015-02-27,54.217711641881955,5
Tokyo,35.6768601,139.7638947,2010-10-04,2024-09-25,13,GHCND:JA000047662,"TOKYO, JA",35.683,139.767,1951-01-01,2025-08-24,0.7380936427881254,1
Tokyo,35.6768601,139.7638947,2010-10-04,2024-09-25,13,GHCND:JAW00043311,"TOKYO, JA",35.552258,139.779694,1949-01-01,1960-12-31,13.9285366485318,2
Tokyo,35.6768601,139.7638947,2010-10-04,2024-09-25,13,GHCND:JA000047670,"YOKOHAMA, JA",35.433,139.65,1951-01-01,2026-02-28,29.007512542152718,3
Tokyo,35.6768601,139.7638947,2010-10-04,2024-09-25,13,GHCND:JA000047682,"CHIBA, JA",35.6,140.1,1967-01-01,2026-02-28,31.55305173268228,4
Tokyo,35.6768601,139.7638947,2010-10-04,2024-09-25,13,GHCND:JAW00043307,"TACHIKAWA, JA",35.7,139.4,1949-01-01,1968-03-31,32.96485375459201,5
Tokyo Olympics,35.6768601,139.7638947,2021-07-24,2021-07-24,1,GHCND:JA000047662,"TOKYO, JA",35.683,139.767,1951-01-01,2025-08-24,0.7380936427881254,1
Tokyo Olympics,35.6768601,139.7638947,2021-07-24,2021-07-24,1,GHCND:JAW00043311,"TOKYO, JA",35.552258,139.779694,1949-01-01,1960-12-31,13.9285366485318,2
Tokyo Olympics,35.6768601,139.7638947,2021-07-24,2021-07-24,1,GHCND:JA000047670,"YOKOHAMA, JA",35.433,139.65,1951-01-01,2026-02-28,29.007512542152718,3
Tokyo Olympics,35.6768601,139.7638947,2021-07-24,2021-07-24,1,GHCND:JA000047682,"CHIBA, JA",35.6,140.1,1967-01-01,2026-02-28,31.55305173268228,4
Tokyo Olympics,35.6768601,139.7638947,2021-07-24,2021-07-24,1,GHCND:JAW00043307,"TACHIKAWA, JA",35.7,139.4,1949-01-01,1968-03-31,32.96485375459201,5
Tour Finals,51.5074456,-0.1277653,2010-11-21,2024-11-11,15,GHCND:UKE00105915,"HAMPSTEAD, UK",51.5608,0.1789,1959-12-31,2016-07-17,22.025651333079413,1
Tour Finals,51.5074456,-0.1277653,2010-11-21,2024-11-11,15,GHCND:UKM00003772,"HEATHROW, UK",51.478,-0.461,1948-12-01,2025-08-24,23.301507280885136,2
Tour Finals,51.5074456,-0.1277653,2010-11-21,2024-11-11,15,GHCND:UKE00105900,"ROTHAMSTED, UK",51.8067,0.3581,1916-01-01,2026-02-28,47.2287272632843,3
US Open,40.7127281,-74.0060152,2010-08-30,2019-08-26,10,GHCND:US1NJBG0002,"SADDLE BROOK TWP 0.6 E, NJ US",40.902694,-74.083358,2008-02-09,2017-11-23,22.103503714136316,1
US Open,40.7127281,-74.0060152,2010-08-30,2019-08-26,10,GHCND:US1NJBG0003,"TENAFLY 1.3 W, NJ US",40.91467,-73.9775,2008-01-29,2026-03-27,22.582779838961617,2
US Open,40.7127281,-74.0060152,2010-08-30,2019-08-26,10,GHCND:US1NJBG0001,"BERGENFIELD 0.3 SW, NJ US",40.921298,-74.001983,2008-01-25,2009-11-05,23.194396869635565,3
US Open,40.7127281,-74.0060152,2010-08-30,2019-08-26,10,GHCND:US1CTFR0039,"STAMFORD 4.2 S, CT US",41.0377883911133,-73.5681762695313,2016-05-01,2022-04-12,51.59104256614521,4
US Open,40.7127281,-74.0060152,2010-08-30,2019-08-26,10,GHCND:US1CTFR0022,"STAMFORD 2.6 SSW, CT US",41.0641,-73.577,2015-07-30,2017-11-19,53.170537897411535,5
Umag,45.4323587,13.5224098,2010-07-26,2024-07-22,14,GHCND:SIE00115166,"PORTOROZ LETALISCE, SI",45.5,13.6,1986-12-31,2023-09-30,9.653156025549158,1
Umag,45.4323587,13.5224098,2010-07-26,2024-07-22,14,GHCND:ITM00016110,TRIESTE,45.65,13.75,1965-04-28,2025-08-02,29.99729736466036,2
Umag,45.4323587,13.5224098,2010-07-26,2024-07-22,14,GHCND:SIE00115106,"BILJE, IT",45.9,13.6,1991-12-31,2023-09-30,52.34771428537537,3
United Cup,-33.8698439,151.2082848,2023-01-02,2024-01-01,2,GHCND:ASN00061248,"KINCUMBER, AS",-33.4667,151.4,1967-06-01,1975-09-30,48.21082090430406,1
United Cup,-33.8698439,151.2082848,2023-01-02,2024-01-01,2,GHCND:ASN00061003,"AVOCA BEACH, AS",-33.4667,151.4333,1934-03-01,1970-12-31,49.42801998833473,2
United Cup,-33.8698439,151.2082848,2023-01-02,2024-01-01,2,GHCND:ASN00061023,GOSFORD GERTRUDE PLACE,-33.4336,151.3381,1877-05-01,1993-08-31,49.97414412641772,3
United Cup,-33.8698439,151.2082848,2023-01-02,2024-01-01,2,GHCND:ASN00061216,"LOWER MANGROVE POPRAN RD, AS",-33.4176,151.159,1998-11-02,2023-05-31,50.49375542540778,4
United Cup,-33.8698439,151.2082848,2023-01-02,2024-01-01,2,GHCND:ASN00061108,"GOSFORD STATE NURSERY, AS",-33.4,151.3,1901-08-01,1946-07-31,52.92973741198997,5
Us Open,40.7127281,-74.0060152,2020-08-31,2024-08-26,5,GHCND:US1NJBG0002,"SADDLE BROOK TWP 0.6 E, NJ US",40.902694,-74.083358,2008-02-09,2017-11-23,22.103503714136316,1
Us Open,40.7127281,-74.0060152,2020-08-31,2024-08-26,5,GHCND:US1NJBG0003,"TENAFLY 1.3 W, NJ US",40.91467,-73.9775,2008-01-29,2026-03-27,22.582779838961617,2
Us Open,40.7127281,-74.0060152,2020-08-31,2024-08-26,5,GHCND:US1NJBG0001,"BERGENFIELD 0.3 SW, NJ US",40.921298,-74.001983,2008-01-25,2009-11-05,23.194396869635565,3
Us Open,40.7127281,-74.0060152,2020-08-31,2024-08-26,5,GHCND:US1CTFR0039,"STAMFORD 4.2 S, CT US",41.0377883911133,-73.5681762695313,2016-05-01,2022-04-12,51.59104256614521,4
Us Open,40.7127281,-74.0060152,2020-08-31,2024-08-26,5,GHCND:US1CTFR0022,"STAMFORD 2.6 SSW, CT US",41.0641,-73.577,2015-07-30,2017-11-19,53.170537897411535,5
Valencia,39.4697065,-0.3763353,2010-10-31,2015-10-26,6,GHCND:SPM00008284,"VALENCIA, SP",39.489,-0.482,1973-01-01,2025-08-24,9.319100614298385,1
Valencia,39.4697065,-0.3763353,2010-10-31,2015-10-26,6,GHCND:SPE00119999,CASTELLON,39.95,0.0714,1973-01-04,2026-02-25,65.71959835370845,2
Vienna,48.2083537,16.3725042,2010-10-25,2024-10-21,15,GHCND:AU000005901,"WIEN, AU",48.2331,16.35,1855-02-01,2026-02-28,3.2173415504906067,1
Vienna,48.2083537,16.3725042,2010-10-25,2024-10-21,15,GHCND:AUW00034165,"VIENNA, AU",48.31667,16.13333,1949-01-01,1954-09-19,21.4131078496728,2
Vina del Mar,-33.0244535,-71.5517636,2014-02-03,2014-02-03,1,GHCND:CI000085543,QUINTERO,-32.783,-71.517,1964-05-22,2025-08-24,27.04384739554734,1
Washington,38.8950982,-77.0363849,2010-08-01,2024-07-29,14,GHCND:US1DCDC0009,"WASHINGTON 2.0 SSW, DC US",38.876594,-77.022402,2008-01-14,2025-01-02,2.3871265037107148,1
Washington,38.8950982,-77.0363849,2010-08-01,2024-07-29,14,GHCND:US1DCDC0007,"WASHINGTON 1.2 SE, DC US",38.8943,-76.9982,2007-03-05,2007-09-17,3.30583317361666,2
Washington,38.8950982,-77.0363849,2010-08-01,2024-07-29,14,GHCND:US1DCDC0008,"WASHINGTON 2.0 ESE, DC US",38.890101,-76.985364,2007-08-21,2008-10-01,4.4504648033529275,3
Washington,38.8950982,-77.0363849,2010-08-01,2024-07-29,14,GHCND:US1DCDC0006,"WASHINGTON 2.0 ESE, DC US",38.892782,-76.983381,2007-03-01,2007-12-31,4.594397860470748,4
Washington,38.8950982,-77.0363849,2010-08-01,2024-07-29,14,GHCND:US1DCDC0011,"WASHINGTON 4.0 WNW, DC US",38.930277,-77.083075,2008-10-09,2010-10-22,5.623208972988343,5
Wimbledon,51.5074456,-0.1277653,2010-06-21,2024-07-01,14,GHCND:UKE00105915,"HAMPSTEAD, UK",51.5608,0.1789,1959-12-31,2016-07-17,22.025651333079413,1
Wimbledon,51.5074456,-0.1277653,2010-06-21,2024-07-01,14,GHCND:UKM00003772,"HEATHROW, UK",51.478,-0.461,1948-12-01,2025-08-24,23.301507280885136,2
Wimbledon,51.5074456,-0.1277653,2010-06-21,2024-07-01,14,GHCND:UKE00105900,"ROTHAMSTED, UK",51.8067,0.3581,1916-01-01,2026-02-28,47.2287272632843,3
Winston-Salem,36.0998131,-80.2440518,2011-08-21,2024-08-19,13,GHCND:US1NCDS0001,"WINSTON SALEM 7.7 S, NC US",35.9925,-80.2874,2007-08-27,2011-09-14,12.55297911585387,1
Winston-Salem,36.0998131,-80.2440518,2011-08-21,2024-08-19,13,GHCND:US1NCDS0013,"CLEMMONS 6.5 SE, NC US",35.959984,-80.298842,1998-06-17,2026-03-21,16.31025165830168,2
Winston-Salem,36.0998131,-80.2440518,2011-08-21,2024-08-19,13,GHCND:US1NCDS0012,"CLEMMONS 6.1 SE, NC US",35.9597587585449,-80.3084335327148,2013-03-10,2014-03-17,16.614660912806087,3
Winston-Salem,36.0998131,-80.2440518,2011-08-21,2024-08-19,13,GHCND:US1NCDS0021,"HIGH POINT 3.3 WSW, NC US",35.968695,-80.055181,2017-03-23,2025-01-09,22.382900779536133,4
Winston-Salem,36.0998131,-80.2440518,2011-08-21,2024-08-19,13,GHCND:US1NCDS0003,"THOMASVILLE 2.4 SSW, NC US",35.85567,-80.08713,2008-03-01,2009-01-07,30.600188491146998,5
Zagreb,45.8130967,15.9772795,2010-02-01,2015-02-02,6,GHCND:HR000142360,"ZAGREB GRIC, HR",45.8167,15.9781,1860-12-30,2026-02-22,0.40568333818250846,1
Zagreb,45.8130967,15.9772795,2010-02-01,2015-02-02,6,GHCND:HRM00014234,"KRAPINA, HR",46.133,15.883,1996-02-09,2026-02-28,36.31011724478018,2
Zagreb,45.8130967,15.9772795,2010-02-01,2015-02-02,6,GHCND:HRE00155176,"VARAZDIN, HR",46.2828,16.3639,1949-01-01,2023-12-31,60.15056962831414,3
Zhuhai,22.273734,113.5721327,2019-09-23,2023-09-20,2,GHCND:MCM00045011,"MACAU INTERNATIONAL, CH",22.15,113.592,1952-01-01,2025-08-24,13.909771901208416,1
s Hertogenbosch,51.6889387,5.303116,2010-06-13,2024-06-10,13,GHCND:NLE00102071,"ANDEL, NL",51.7831,5.05,1950-12-31,2026-02-10,20.332926676330167,1
s Hertogenbosch,51.6889387,5.303116,2010-06-13,2024-06-10,13,GHCND:NLE00102005,"TIEL, NL",51.9167,5.4331,1950-12-31,2026-02-10,26.856696026810226,2
s Hertogenbosch,51.6889387,5.303116,2010-06-13,2024-06-10,13,GHCND:NLE00101999,"CULEMBORG, NL",51.95,5.2331,1950-12-31,2026-02-10,29.424901204341428,3
s Hertogenbosch,51.6889387,5.303116,2010-06-13,2024-06-10,13,GHCND:NLE00102065,"ESBEEK, NL",51.4331,5.15,1950-12-31,2026-02-10,30.353231162666315,4
s Hertogenbosch,51.6889387,5.303116,2010-06-13,2024-06-10,13,GHCND:NLE00102079,"HELMOND, NL",51.4831,5.6167,1868-12-31,2026-02-10,31.515998323685377,5
Parma,44.6952006,10.0979869,2021-05-24,2021-05-24,1,GHCND:IT000016090,"VERONA VILLAFRANCA, IT",45.3831,10.8667,1945-05-18,2025-08-24,97.4619124108186,1
